comparison	kegg_pathway	description	gene_ratio	background_ratio	rich_factor	fold_enrichment	p_value	p_adjusted	protein_groups	genes	kegg_genes	count
CRKP_vs_KP_vs_Con	hsa04512	ECM-receptor interaction	5/25	38/853	0.131578947368421	4.489473684210526	0.003708674401650615	0.1405064211085172	P24821/P78509/P98160/P10451/P04275	TNC/RELN/HSPG2/SPP1/VWF	hsa:5649;hsa:6696;hsa:3371;hsa:3339;hsa:7450	5
CRKP_vs_KP_vs_Con	hsa04620	Toll-like receptor signaling pathway	2/25	5/853	0.4	13.648	0.00781820839001127	0.1405064211085172	P10451/P08571	SPP1/CD14	hsa:6696;hsa:929	2
CRKP_vs_KP_vs_Con	hsa04610	Complement and coagulation cascades	6/25	66/853	0.09090909090909091	3.101818181818182	0.009357858430158114	0.1405064211085172	P02679/Q9Y279/Q9BXR6/P04275/P02671/P02675	FGG/VSIG4/CFHR5/VWF/FGA/FGB	hsa:11326;hsa:2243;hsa:2244;hsa:81494;hsa:2266;hsa:7450	6
CRKP_vs_KP_vs_Con	hsa04611	Platelet activation	4/25	31/853	0.1290322580645161	4.402580645161291	0.0105870268812999	0.1405064211085172	P04275/P02671/P02675/P02679	VWF/FGA/FGB/FGG	hsa:2244;hsa:2266;hsa:7450;hsa:2243	4
CRKP_vs_KP_vs_Con	hsa04064	NF-kappa B signaling pathway	2/25	6/853	0.3333333333333333	11.37333333333333	0.01151691976299321	0.1405064211085172	P19320/P08571	VCAM1/CD14	hsa:7412;hsa:929	2
CRKP_vs_KP_vs_Con	hsa05165	Human papillomavirus infection	4/25	36/853	0.1111111111111111	3.791111111111111	0.01793248195857587	0.156268771353304	P10451/P04275/P78509/P24821	SPP1/VWF/RELN/TNC	hsa:5649;hsa:6696;hsa:3371;hsa:7450	4
CRKP_vs_KP_vs_Con	hsa04613	Neutrophil extracellular trap formation	4/25	36/853	0.1111111111111111	3.791111111111111	0.01793248195857587	0.156268771353304	P04275/P02671/P02675/P02679	VWF/FGA/FGB/FGG	hsa:2244;hsa:2266;hsa:7450;hsa:2243	4
CRKP_vs_KP_vs_Con	hsa04929	GnRH secretion	1/25	1/853	1.0	34.12	0.02930832356389214	0.2234759671746776	P10451	SPP1	hsa:6696	1
CRKP_vs_KP_vs_Con	hsa05171	Coronavirus disease - COVID-19	4/25	47/853	0.0851063829787234	2.903829787234043	0.0435773214576411	0.2953574009906786	P04275/P02671/P02675/P02679	VWF/FGA/FGB/FGG	hsa:2244;hsa:2266;hsa:7450;hsa:2243	4
KP_vs_Con	hsa05012	Parkinson disease	21/131	36/853	0.5833333333333334	3.798346055979644	1.400530888148131e-09	3.249231660503665e-07	P25787/P49721/Q71U36/P25786/P20618/P07437/P25705/P04899/P28066/P60900/Q13555/P28072/P25788/P49720/O14818/P0CG47/P68366/P05141/P25789/Q9H4B7/P28070	PSMA2/PSMB2/TUBA1A/PSMA1/PSMB1/TUBB/ATP5F1A/GNAI2/PSMA5/PSMA6/CAMK2G/PSMB6/PSMA3/PSMB3/PSMA7/UBB/TUBA4A/SLC25A5/PSMA4/TUBB1/PSMB4		21
KP_vs_Con	hsa05016	Huntington disease	18/131	31/853	0.5806451612903226	3.780842157104162	2.735744901581937e-08	3.173464085835047e-06	O14818/P05141/P25787/P49721/P28066/P60900/P25786/P20618/Q71U36/P07437/P25789/Q9H4B7/P28072/P28070/P68366/P25705/P25788/P49720	PSMA7/SLC25A5/PSMA2/PSMB2/PSMA5/PSMA6/PSMA1/PSMB1/TUBA1A/TUBB/PSMA4/TUBB1/PSMB6/PSMB4/TUBA4A/ATP5F1A/PSMA3/PSMB3		18
KP_vs_Con	hsa05017	Spinocerebellar ataxia	13/131	19/853	0.6842105263157895	4.455202892728003	1.835864751618173e-07	1.419735407918054e-05	O14818/P05141/P25787/P49721/P28066/P60900/P25786/P20618/P25789/P28072/P28070/P25788/P49720	PSMA7/SLC25A5/PSMA2/PSMB2/PSMA5/PSMA6/PSMA1/PSMB1/PSMA4/PSMB6/PSMB4/PSMA3/PSMB3		13
KP_vs_Con	hsa03050	Proteasome	13/131	21/853	0.6190476190476191	4.030897855325336	1.040539062763344e-06	5.922432866123537e-05	O14818/P25787/P49721/P28066/P28065/P25786/P20618/P60900/P25789/P28072/P28070/P25788/P49720	PSMA7/PSMA2/PSMB2/PSMA5/PSMB9/PSMA1/PSMB1/PSMA6/PSMA4/PSMB6/PSMB4/PSMA3/PSMB3		13
KP_vs_Con	hsa05010	Alzheimer disease	19/131	41/853	0.4634146341463415	3.01750139638801	1.276386393561107e-06	5.922432866123537e-05	P25787/P49721/Q71U36/P25786/P20618/P07437/P25705/P28066/P60900/P28072/P25788/P49720/O14818/P68366/P05141/P25789/Q9H4B7/P05067/P28070	PSMA2/PSMB2/TUBA1A/PSMA1/PSMB1/TUBB/ATP5F1A/PSMA5/PSMA6/PSMB6/PSMA3/PSMB3/PSMA7/TUBA4A/SLC25A5/PSMA4/TUBB1/APP/PSMB4		19
KP_vs_Con	hsa05022	Pathways of neurodegeneration - multiple diseases	21/131	52/853	0.4038461538461539	2.629624192601292	5.350088180036562e-06	0.0002068700762947471	P25787/P49721/Q71U36/P25786/P20618/P07437/P25705/P28066/P60900/Q13555/P28072/P25788/P49720/O14818/P0CG47/P68366/P05141/P25789/Q9H4B7/P05067/P28070	PSMA2/PSMB2/TUBA1A/PSMA1/PSMB1/TUBB/ATP5F1A/PSMA5/PSMA6/CAMK2G/PSMB6/PSMA3/PSMB3/PSMA7/UBB/TUBA4A/SLC25A5/PSMA4/TUBB1/APP/PSMB4		21
KP_vs_Con	hsa05014	Amyotrophic lateral sclerosis	19/131	46/853	0.4130434782608696	2.689512114171921	1.081934531826142e-05	0.0003585840162623784	P25787/P49721/Q71U36/P25786/P20618/P07437/P09651/P25705/P28066/P60900/P28072/P25788/P49720/O14818/P68366/P25789/Q9H4B7/P22626/P28070	PSMA2/PSMB2/TUBA1A/PSMA1/PSMB1/TUBB/HNRNPA1/ATP5F1A/PSMA5/PSMA6/PSMB6/PSMA3/PSMB3/PSMA7/TUBA4A/PSMA4/TUBB1/HNRNPA2B1/PSMB4		19
KP_vs_Con	hsa05020	Prion disease	20/131	51/853	0.392156862745098	2.553509953599761	1.585528488681003e-05	0.0004598032617174908	P25787/P49721/Q71U36/P25786/P20618/P07437/Q99941/P25705/P28066/P60900/P28072/P25788/P49720/O14818/P11047/P68366/P05141/P25789/Q9H4B7/P28070	PSMA2/PSMB2/TUBA1A/PSMA1/PSMB1/TUBB/ATF6B/ATP5F1A/PSMA5/PSMA6/PSMB6/PSMA3/PSMB3/PSMA7/LAMC1/TUBA4A/SLC25A5/PSMA4/TUBB1/PSMB4		20
KP_vs_Con	hsa04611	Platelet activation	11/131	31/853	0.3548387096774194	2.310514651563655	0.004015029909119503	0.1034985487684138	P08514/P17301/P02671/Q86UX7/P02679/P02452/Q9Y490/P02675/P40197/Q9HCN6/P04899	ITGA2B/ITGA2/FGA/FERMT3/FGG/COL1A1/TLN1/FGB/GP5/GP6/GNAI2		11
KP_vs_Con	hsa04540	Gap junction	5/131	9/853	0.5555555555555556	3.617472434266328	0.005957609637650409	0.1225569187685255	Q71U36/P07437/Q9H4B7/P68366/P04899	TUBA1A/TUBB/TUBB1/TUBA4A/GNAI2		5
KP_vs_Con	hsa03010	Ribosome	5/131	9/853	0.5555555555555556	3.617472434266328	0.005957609637650409	0.1225569187685255	P62829/P08865/P62241/P62857/P46781	RPL23/RPSA/RPS8/RPS28/RPS9		5
KP_vs_Con	hsa04510	Focal adhesion	15/131	51/853	0.2941176470588235	1.91513246519982	0.006339150970785799	0.1225569187685255	P08514/P17301/P35442/P21333/Q9HBI1/P24821/P07996/P02452/P11047/P12814/Q9Y490/P10451/O43707/P55268/Q13418	ITGA2B/ITGA2/THBS2/FLNA/PARVB/TNC/THBS1/COL1A1/LAMC1/ACTN1/TLN1/SPP1/ACTN4/LAMB2/ILK		15
KP_vs_Con	hsa04512	ECM-receptor interaction	12/131	38/853	0.3157894736842105	2.056247488951386	0.007871601769917651	0.1404778162016073	P08514/P17301/P35442/P31431/Q9HCN6/P24821/P07996/P02452/P11047/P40197/P10451/P55268	ITGA2B/ITGA2/THBS2/SDC4/GP6/TNC/THBS1/COL1A1/LAMC1/GP5/SPP1/LAMB2		12
KP_vs_Con	hsa05222	Small cell lung cancer	4/131	8/853	0.5	3.255725190839695	0.02257716975199189	0.3741359558901513	P08514/P11047/P55268/P17301	ITGA2B/LAMC1/LAMB2/ITGA2		4
KP_vs_Con	hsa04934	Cushing syndrome	3/131	5/853	0.6	3.906870229007633	0.02797758756249775	0.4056750196562174	Q99941/Q13555/P04899	ATF6B/CAMK2G/GNAI2		3
KP_vs_Con	hsa04916	Melanogenesis	3/131	5/853	0.6	3.906870229007633	0.02797758756249775	0.4056750196562174	Q13555/P10721/P04899	CAMK2G/KIT/GNAI2		3
KP_vs_Con	hsa05146	Amoebiasis	8/131	27/853	0.2962962962962963	1.929318631608708	0.04225796074153728	0.5766968760021559	P01137/P51149/P02452/P12814/P11047/P04792/O43707/P55268	TGFB1/RAB7A/COL1A1/ACTN1/LAMC1/HSPB1/ACTN4/LAMB2		8
KP_vs_Con	hsa04925	Aldosterone synthesis and secretion	3/131	6/853	0.5	3.255725190839695	0.04973306721175343	0.6329360557065296	Q14012/Q99941/Q13555	CAMK1/ATF6B/CAMK2G		3
CRKP_vs_Con		Proteasome	13/169	21/853	0.6190476190476191	3.124542124542125	2.215737768249162e-05	0.004536246116305181	O00231/O14818/P20618/P49721/P25788/P25787/P28070/Q9UL46/P25789/P28062/Q06323/Q15008/P60900	PSMD11/PSMA7/PSMB1/PSMB2/PSMA3/PSMA2/PSMB4/PSME2/PSMA4/PSMB8/PSME1/PSMD6/PSMA6		13
CRKP_vs_Con		Spinocerebellar ataxia	12/169	19/853	0.631578947368421	3.1877919651199	3.557840091219749e-05	0.004536246116305181	O00231/O14818/P20618/P25788/P25787/P28070/P05141/P25789/P49721/P78509/Q15008/P60900	PSMD11/PSMA7/PSMB1/PSMA3/PSMA2/PSMB4/SLC25A5/PSMA4/PSMB2/RELN/PSMD6/PSMA6		12
CRKP_vs_Con		Alzheimer disease	19/169	41/853	0.4634146341463415	2.339009958146919	7.251571410208415e-05	0.006163835698677153	O00231/P28070/P25787/P05141/P49721/Q15008/O14818/P05067/O14672/Q71U36/P25789/P63098/P06858/P25788/P60900/P20618/P25705/P14735/Q9H4B7	PSMD11/PSMB4/PSMA2/SLC25A5/PSMB2/PSMD6/PSMA7/APP/ADAM10/TUBA1A/PSMA4/PPP3R1/LPL/PSMA3/PSMA6/PSMB1/ATP5F1A/IDE/TUBB1		19
CRKP_vs_Con		Huntington disease	15/169	31/853	0.4838709677419355	2.442259973277343	0.0002465710766531743	0.01571890613663986	O00231/O14818/P20618/P25705/P25788/P25787/P28070/Q15008/Q71U36/P05141/Q9H4B7/P25789/P49721/Q14203/P60900	PSMD11/PSMA7/PSMB1/ATP5F1A/PSMA3/PSMA2/PSMB4/PSMD6/TUBA1A/SLC25A5/TUBB1/PSMA4/PSMB2/DCTN1/PSMA6		15
CRKP_vs_Con		Parkinson disease	16/169	36/853	0.4444444444444444	2.243261012491782	0.0005170078837642673	0.02636740207197763	O00231/O14818/P04899/P20618/P25705/P25788/P25787/P28070/Q71U36/P05141/Q13555/Q9H4B7/P25789/P49721/Q15008/P60900	PSMD11/PSMA7/GNAI2/PSMB1/ATP5F1A/PSMA3/PSMA2/PSMB4/TUBA1A/SLC25A5/CAMK2G/TUBB1/PSMA4/PSMB2/PSMD6/PSMA6		16
CRKP_vs_Con		Antigen processing and presentation	10/169	18/853	0.5555555555555556	2.804076265614727	0.0007311491690923375	0.03107383968642434	P27797/P61769/P07900/Q9UL46/P08238/P27824/P07711/P10321/Q06323/P34932	CALR/B2M/HSP90AA1/PSME2/HSP90AB1/CANX/CTSL/HLA-C/PSME1/HSPA4		10
CRKP_vs_Con		ECM-receptor interaction	16/169	38/853	0.4210526315789473	2.125194643413267	0.001076927484779988	0.03923092980269954	P10451/P11047/Q9HCN6/P08514/P17301/P04275/P02452/P18827/P05106/P35442/P78509/Q5SZK8/P24821/P98160/P40197/P05556	SPP1/LAMC1/GP6/ITGA2B/ITGA2/VWF/COL1A1/SDC1/ITGB3/THBS2/RELN/FREM2/TNC/HSPG2/GP5/ITGB1		16
CRKP_vs_Con		NF-kappa B signaling pathway	5/169	6/853	0.8333333333333334	4.20611439842209	0.001464496190307904	0.04668081606606442	P08571/P05362/Q9Y6Y9/P19320/P18428	CD14/ICAM1/LY96/VCAM1/LBP		5
CRKP_vs_Con		Pathways of neurodegeneration - multiple diseases	19/169	52/853	0.3653846153846154	1.844219390077378	0.002807075163380769	0.07953379629578847	O00231/P28070/P25787/P05141/P49721/Q15008/O14818/P05067/Q71U36/P25789/P63098/Q14203/P25788/Q13555/P61006/P60900/P20618/P25705/Q9H4B7	PSMD11/PSMB4/PSMA2/SLC25A5/PSMB2/PSMD6/PSMA7/APP/TUBA1A/PSMA4/PPP3R1/DCTN1/PSMA3/CAMK2G/RAB8A/PSMA6/PSMB1/ATP5F1A/TUBB1		19
CRKP_vs_Con		Platelet activation	13/169	31/853	0.4193548387096774	2.116625310173697	0.003399822960275886	0.0866954854870351	Q9HCN6/P08514/P17301/P04899/P02671/P04275/P02452/P05106/Q76LX8/P02675/P02679/P40197/P05556	GP6/ITGA2B/ITGA2/GNAI2/FGA/VWF/COL1A1/ITGB3/ADAMTS13/FGB/FGG/GP5/ITGB1		13
CRKP_vs_Con		Prion disease	18/169	51/853	0.3529411764705883	1.781413156978768	0.005622917853473805	0.1151534750148056	P11047/Q99941/O00231/O14818/P20618/P25705/P25788/P25787/P28070/P63098/P14598/Q71U36/P05141/Q9H4B7/P25789/P49721/Q15008/P60900	LAMC1/ATF6B/PSMD11/PSMA7/PSMB1/ATP5F1A/PSMA3/PSMA2/PSMB4/PPP3R1/NCF1/TUBA1A/SLC25A5/TUBB1/PSMA4/PSMB2/PSMD6/PSMA6		18
CRKP_vs_Con		Intestinal immune network for IgA production	4/169	5/853	0.8	4.037869822485207	0.006322151569440308	0.1151534750148056	P01137/O75144/P01833/Q13477	TGFB1/ICOSLG/PIGR/MADCAM1		4
CRKP_vs_Con		Progesterone-mediated oocyte maturation	4/169	5/853	0.8	4.037869822485207	0.006322151569440308	0.1151534750148056	P07900/P08238/P05019/P04899	HSP90AA1/HSP90AB1/IGF1/GNAI2		4
CRKP_vs_Con		Toll-like receptor signaling pathway	4/169	5/853	0.8	4.037869822485207	0.006322151569440308	0.1151534750148056	P10451/P08571/P18428/Q9Y6Y9	SPP1/CD14/LBP/LY96		4
CRKP_vs_Con		Protein processing in endoplasmic reticulum	13/169	34/853	0.3823529411764706	1.929864253393665	0.008701672969048427	0.1479284404738233	Q99941/P63208/Q8NBS9/P07900/P14314/Q9H173/P14625/P08238/P27824/Q12907/P13667/P27797/Q9NYU2	ATF6B/SKP1/TXNDC5/HSP90AA1/PRKCSH/SIL1/HSP90B1/HSP90AB1/CANX/LMAN2/PDIA4/CALR/UGGT1		13
CRKP_vs_Con		Amyotrophic lateral sclerosis	16/169	46/853	0.3478260869565217	1.755595574993568	0.01055551097048598	0.1682284560921204	O00231/O14818/P20618/P25705/P25788/P25787/P28070/P61006/P63098/Q15008/Q71U36/Q9H4B7/P25789/P49721/Q14203/P60900	PSMD11/PSMA7/PSMB1/ATP5F1A/PSMA3/PSMA2/PSMB4/RAB8A/PPP3R1/PSMD6/TUBA1A/TUBB1/PSMA4/PSMB2/DCTN1/PSMA6		16
CRKP_vs_Con		Lipid and atherosclerosis	13/169	35/853	0.3714285714285714	1.874725274725275	0.01147438409729316	0.1721157614593974	P34932/P07900/P08571/P18428/P14625/P08238/P14598/P05362/P19320/Q13555/Q9Y6Y9/P08254/P63098	HSPA4/HSP90AA1/CD14/LBP/HSP90B1/HSP90AB1/NCF1/ICAM1/VCAM1/CAMK2G/LY96/MMP3/PPP3R1		13
CRKP_vs_Con		PI3K-Akt signaling pathway	18/169	55/853	0.3272727272727273	1.651855836471221	0.01359830002871732	0.192642583740162	P10451/P11047/Q99941/P05019/P08514/P17301/P07900/P04275/P02452/P14625/P05106/P08238/P35442/P10721/P78509/P24821/Q04917/P05556	SPP1/LAMC1/ATF6B/IGF1/ITGA2B/ITGA2/HSP90AA1/VWF/COL1A1/HSP90B1/ITGB3/HSP90AB1/THBS2/KIT/RELN/TNC/YWHAH/ITGB1		18
CRKP_vs_Con		Arrhythmogenic right ventricular cardiomyopathy	7/169	15/853	0.4666666666666667	2.355424063116371	0.0162915216386363	0.1935427193613257	Q02487/P08514/P02545/P17301/P19022/P05106/P05556	DSC2/ITGA2B/LMNA/ITGA2/CDH2/ITGB3/ITGB1		7
CRKP_vs_Con		Epstein-Barr virus infection	7/169	15/853	0.4666666666666667	2.355424063116371	0.0162915216386363	0.1935427193613257	P27797/O00231/P61769/P20023/P05362/P10321/Q15008	CALR/PSMD11/B2M/CR2/ICAM1/HLA-C/PSMD6		7
CRKP_vs_Con		TGF-beta signaling pathway	7/169	15/853	0.4666666666666667	2.355424063116371	0.0162915216386363	0.1935427193613257	P01137/P02787/P07585/P63208/Q06828/P35555/Q14766	TGFB1/TF/DCN/SKP1/FMOD/FBN1/LTBP1		7
CRKP_vs_Con		Fluid shear stress and atherosclerosis	11/169	29/853	0.3793103448275862	1.91450724341971	0.01669780323901633	0.1935427193613257	P08514/P07900/P55854/P18827/P14625/P05106/P08238/P14598/P05362/P19320/P07711	ITGA2B/HSP90AA1/SUMO3/SDC1/HSP90B1/ITGB3/HSP90AB1/NCF1/ICAM1/VCAM1/CTSL		11
CRKP_vs_Con		Human T-cell leukemia virus 1 infection	9/169	22/853	0.4090909090909091	2.064819795589026	0.01763842029525757	0.1955563989256817	P01137/P27797/P61769/Q99941/P27824/P05141/P05362/P10321/P63098	TGFB1/CALR/B2M/ATF6B/CANX/SLC25A5/ICAM1/HLA-C/PPP3R1		9
CRKP_vs_Con		Dilated cardiomyopathy	8/169	19/853	0.4210526315789473	2.125194643413267	0.02077467555230842	0.220730927743277	P01137/P63316/P05019/P08514/P02545/P17301/P05106/P05556	TGFB1/TNNC1/IGF1/ITGA2B/LMNA/ITGA2/ITGB3/ITGB1		8
CRKP_vs_Con		Cell adhesion molecules	13/169	38/853	0.3421052631578947	1.726720647773279	0.02399368111485474	0.2447355473715183	O75144/P12830/P13611/Q92692/P18827/P19022/P05362/P19320/P22223/P10321/P14151/Q13477/P05556	ICOSLG/CDH1/VCAN/NECTIN2/SDC1/CDH2/ICAM1/VCAM1/CDH3/HLA-C/SELL/MADCAM1/ITGB1		13
CRKP_vs_Con		Virion - Herpesvirus	3/169	4/853	0.75	3.785502958579882	0.02617416005861755	0.2567081082672106	P05106/P14735/Q92692	ITGB3/IDE/NECTIN2		3
CRKP_vs_Con		Hypertrophic cardiomyopathy	8/169	20/853	0.4	2.018934911242603	0.02889194712974151	0.270237866200316	P01137/P63316/P05019/P08514/P02545/P17301/P05106/P05556	TGFB1/TNNC1/IGF1/ITGA2B/LMNA/ITGA2/ITGB3/ITGB1		8
CRKP_vs_Con		Chemical carcinogenesis - receptor activation	5/169	10/853	0.5	2.523668639053254	0.0307329338031732	0.270237866200316	Q99941/P04899/P07900/P14625/P08238	ATF6B/GNAI2/HSP90AA1/HSP90B1/HSP90AB1		5
CRKP_vs_Con		Th17 cell differentiation	5/169	10/853	0.5	2.523668639053254	0.0307329338031732	0.270237866200316	P01137/P07900/P08238/Q14213/P63098	TGFB1/HSP90AA1/HSP90AB1/EBI3/PPP3R1		5
CRKP_vs_Con		Human papillomavirus infection	12/169	36/853	0.3333333333333333	1.682445759368836	0.03645371876824333	0.3098566095300683	P10451/P11047/P08514/P17301/P04275/P02452/P05106/P35442/P78509/P10321/P05556/P24821	SPP1/LAMC1/ITGA2B/ITGA2/VWF/COL1A1/ITGB3/THBS2/RELN/HLA-C/ITGB1/TNC		12
CRKP_vs_Con		Endometrial cancer	2/169	2/853	1.0	5.047337278106509	0.03906675693079933	0.3113132192923072	Q13418/P12830	ILK/CDH1		2
CRKP_vs_Con		Virion - Rotavirus	2/169	2/853	1.0	5.047337278106509	0.03906675693079933	0.3113132192923072	P05556/P17301	ITGB1/ITGA2		2
CRKP_vs_Con		Human cytomegalovirus infection	7/169	18/853	0.3888888888888889	1.962853385930309	0.04716767553507335	0.3561725750803402	P27797/P61769/Q99941/P04899/P05106/P10321/P63098	CALR/B2M/ATF6B/GNAI2/ITGB3/HLA-C/PPP3R1		7
CRKP_vs_Con		Prostate cancer	5/169	11/853	0.4545454545454545	2.29424421732114	0.04748967667737869	0.3561725750803402	P05019/P07900/P14625/P08238/P08254	IGF1/HSP90AA1/HSP90B1/HSP90AB1/MMP3		5
CRKP_vs_KP	hsa05170	Human immunodeficiency virus 1 infection	6/45	19/853	0.3157894736842105	5.985964912280702	0.0002489646764065294	0.03809159549019899	P63098/P63208/P10321/P61769/P27797/P0DP23	PPP3R1/SKP1/HLA-C/B2M/CALR/CALM1		6
CRKP_vs_KP	hsa04612	Antigen processing and presentation	5/45	18/853	0.2777777777777778	5.265432098765432	0.001672230433946448	0.08528375213126883	P10321/P61769/P27797/P07711/P27824	HLA-C/B2M/CALR/CTSL/CANX		5
CRKP_vs_KP	hsa05163	Human cytomegalovirus infection	5/45	18/853	0.2777777777777778	5.265432098765432	0.001672230433946448	0.08528375213126883	P63098/P10321/P61769/P27797/P0DP23	PPP3R1/HLA-C/B2M/CALR/CALM1		5
CRKP_vs_KP	hsa05166	Human T-cell leukemia virus 1 infection	5/45	22/853	0.2272727272727273	4.308080808080808	0.004380685416350256	0.1675612171753973	P63098/P10321/P61769/P27797/P27824	PPP3R1/HLA-C/B2M/CALR/CANX		5
CRKP_vs_KP	hsa05169	Epstein-Barr virus infection	4/45	15/853	0.2666666666666667	5.054814814814815	0.006029638493410236	0.1845069378983532	P61769/P16070/P10321/P27797	B2M/CD44/HLA-C/CALR		4
CRKP_vs_KP	hsa04145	Phagosome	7/45	47/853	0.148936170212766	2.823167848699764	0.008936504660143793	0.2278808688336667	P17301/O75015/P14598/P10321/P27797/P07711/P27824	ITGA2/FCGR3B/NCF1/HLA-C/CALR/CTSL/CANX		7
CRKP_vs_KP	hsa04070	Phosphatidylinositol signaling system	2/45	4/853	0.5	9.47777777777778	0.01526572118949282	0.3336650488560574	P29218/P0DP23	IMPA1/CALM1		2
CRKP_vs_KP	hsa04020	Calcium signaling pathway	4/45	20/853	0.2	3.791111111111111	0.01761337765257259	0.3368558476054507	P63316/P63098/P0DP23/Q15746	TNNC1/PPP3R1/CALM1/MYLK		4
CRKP_vs_KP	hsa04922	Glucagon signaling pathway	3/45	14/853	0.2142857142857143	4.061904761904762	0.03319758494827083	0.446567822460355	P14618/P63098/P0DP23	PKM/PPP3R1/CALM1		3
CRKP_vs_KP	hsa05167	Kaposi sarcoma-associated herpesvirus infection	3/45	16/853	0.1875	3.554166666666667	0.04743369861979386	0.446567822460355	P63098/P10321/P0DP23	PPP3R1/HLA-C/CALM1		3
CRKP_vs_KP	hsa04120	Ubiquitin mediated proteolysis	2/45	7/853	0.2857142857142857	5.415873015873015	0.04826394922483112	0.446567822460355	P63208/P22314	SKP1/UBA1		2
