comparison	protein_group	genes	mean_case	mean_control	log2_fold_change	fold_change	p_value
KP_vs_Con	P40926	MDH2	10.7571725863384	12.28859446555238	-1.531421879213974	0.3459362540233067	0.0170807238684369
KP_vs_Con	P02787	TF	21.23146511934002	22.20634076896381	-0.9748756496237904	0.508783697812047	0.0243604683237858
KP_vs_Con	P02652	APOA2	20.03318079474977	21.06785451831092	-1.034673723561149	0.4881262613665729	0.0027800489493818
KP_vs_Con	Q8TDL5	BPIFB1	16.68846819819507	17.51368112767877	-0.8252129294837012	0.5643988957921223	0.0061232127099633
KP_vs_Con	P20023	CR2	10.75208828819164	12.64042860457615	-1.888340316384518	0.2701176251250951	0.0003438810272941
KP_vs_Con	P62829	RPL23	10.45251050921914	11.66771556649658	-1.215205057277442	0.4307118563298066	0.0450839645680454
KP_vs_Con	P02775	PPBP	15.95351859416152	18.5705183985796	-2.616999804418077	0.1630063640056118	0.003528680759039
KP_vs_Con	P02776	PF4	18.88009431680834	20.87495232564219	-1.994858008833845	0.2508926289596177	0.0409843131743533
KP_vs_Con	P62857	RPS28	10.8612556529607	12.87385679898402	-2.012601146023325	0.2478258964107653	2.716229961252272e-05
KP_vs_Con	P62937	PPIA	14.81802901567024	15.57736793868364	-0.7593389230133969	0.5907669721007871	0.0441134251710456
KP_vs_Con	Q8IUK5	PLXDC1	12.70055294406158	13.31161548550121	-0.6110625414396331	0.6547143287837824	0.0390315040844917
KP_vs_Con	Q86UX7	FERMT3	14.438264218687	16.03132288973613	-1.593058671049128	0.3314679597701995	0.0140827731970015
KP_vs_Con	P04070	PROC	19.64030413143553	20.26167365882715	-0.6213695273916109	0.6500535492674774	0.0016628641363353
KP_vs_Con	P17813	ENG	11.10732070216265	12.13722694057941	-1.029906238416764	0.4897419763728632	0.0228188289252527
KP_vs_Con	P68366	TUBA4A	14.35486222937025	15.92778508438088	-1.572922855010633	0.3361267217052923	0.0211906275636475
KP_vs_Con	P17301	ITGA2	10.82956391978942	11.55101838858509	-0.7214544687956774	0.6064856986863014	0.027370742187011
KP_vs_Con	Q7L9L4	MOB1B	9.99434752181778	11.1120033183149	-1.11765579649712	0.4608420293750805	0.0208206260453565
KP_vs_Con	P04792	HSPB1	13.1961738269723	14.37634062783707	-1.180166800864768	0.4413004731165587	0.0065948015406482
KP_vs_Con	P04899	GNAI2	12.3654749304011	14.13570224778023	-1.770227317379126	0.293162541688562	0.0265169205500238
KP_vs_Con	P62241	RPS8	10.02586261301792	11.47793046466108	-1.452067851643154	0.3654971719342652	0.0077768809731026
KP_vs_Con	Q8WWA0	ITLN1	14.65336599288272	15.43317846870968	-0.7798124758269633	0.5824424952682938	0.0421359563356967
KP_vs_Con	P21333	FLNA	15.59725407152015	16.73131256082025	-1.134058489300108	0.4556321678444402	0.0486930723043957
KP_vs_Con	Q9H1B5	XYLT2	13.22022578168044	14.61207116569561	-1.391845384015175	0.3810770460462268	0.0016324895964361
KP_vs_Con	P27105	STOM	13.0002514450473	14.01943830140921	-1.019186856361911	0.493394364879137	0.0431281698477035
KP_vs_Con	O95810	CAVIN2	13.01447477771735	14.32270248128607	-1.308227703568717	0.4038166485505391	0.0399855359218748
KP_vs_Con	O95866	MPIG6B	10.60632315708444	12.43026431759971	-1.823941160515263	0.2824483228994891	0.0202809693273379
KP_vs_Con	P26583	HMGB2	10.66932988480178	12.79661602230328	-2.1272861375015	0.2288880205047024	0.0259619584733932
KP_vs_Con	P25705	ATP5F1A	12.18541007800479	13.58109100236006	-1.395680924355263	0.3800652624653065	0.0171976575861873
KP_vs_Con	P55290	CDH13	11.10361544257854	12.82534936222992	-1.721733919651381	0.30318411671801	0.0055124791642554
KP_vs_Con	P55854	SUMO3	11.16661240615574	13.17219194679524	-2.005579540639493	0.2490350065156038	0.0475193622441114
KP_vs_Con	P23528	CFL1	13.64357397788361	15.15738626664365	-1.513812288760038	0.3501846403124805	0.0066266796806128
KP_vs_Con	P01137	TGFB1	16.23069171926245	17.74597270702383	-1.515280987761383	0.3498283251435213	0.0104881443378416
KP_vs_Con	Q96PD5	PGLYRP2	19.85399594620322	20.44507411016417	-0.5910781639609546	0.6638466115855713	0.0044874193085832
KP_vs_Con	P60174	TPI1	12.94287726574037	13.74755780467215	-0.8046805389317768	0.5724888344935192	0.0063646048306145
KP_vs_Con	P60842	EIF4A1	11.50063600363222	13.21609844786671	-1.715462444234484	0.3045049436751504	0.0106898547171448
KP_vs_Con	Q92896	GLG1	12.81937050255081	14.40185327826081	-1.582482775709998	0.3339067641360683	0.0031634094778061
KP_vs_Con	P22626	HNRNPA2B1	11.57309852108475	13.00311864679167	-1.430020125706914	0.3711257153888427	0.0122111306615813
KP_vs_Con	P61604	HSPE1	10.12436968576604	11.68164565552303	-1.557275969756988	0.3397920562326526	0.0046476749533796
KP_vs_Con	P61978	HNRNPK	10.90216023970269	12.77078257406202	-1.868622334359326	0.2738347922063227	6.260753537032166e-05
KP_vs_Con	P05067	APP	17.47833295739648	19.01919629373808	-1.540863336341594	0.3436797284545268	0.0021463532498226
KP_vs_Con	Q9HBI1	PARVB	12.65095934779173	14.3089300196434	-1.65797067185167	0.3168845723019258	0.0181924931058936
KP_vs_Con	P09486	SPARC	19.09689596387086	20.64369966529178	-1.54680370142092	0.3422675203265463	0.0022224871496274
KP_vs_Con	P08567	PLEK	13.30635368664603	15.28097730835527	-1.974623621709234	0.2544362931203382	0.0162779738038781
KP_vs_Con	P11413	G6PD	11.78275218231457	13.0952350608738	-1.312482878559235	0.4026273612109954	0.0023639062649407
KP_vs_Con	Q14112	NID2	15.47965005372002	16.27929278062872	-0.7996427269087025	0.5744914285706456	0.005427413663171
KP_vs_Con	P08758	ANXA5	10.72469492160029	11.72367229338995	-0.9989773717896604	0.5003545415707149	0.0472550175679541
KP_vs_Con	P08865	RPSA	9.85791047784493	12.55255528330509	-2.694644805460156	0.1544653546534971	1.716348503301479e-06
KP_vs_Con	Q14012	CAMK1	9.59691250201921	10.2944218021083	-0.6975093000890862	0.616635861733624	0.045519475685162
KP_vs_Con	P09211	GSTP1	14.16858298101596	14.98845634783051	-0.819873366814555	0.5664916645182235	0.0336175010658069
KP_vs_Con	P09429	HMGB1	11.98249259386217	13.369854855531	-1.387362261668825	0.3822630709112982	0.0017460790603979
KP_vs_Con	Q13555	CAMK2G	11.08034753279712	12.37431690574902	-1.293969372951906	0.4078274043667957	0.0056573105627335
KP_vs_Con	Q71U36	TUBA1A	15.42428684424227	16.48754054930358	-1.063253705061317	0.4785515660368855	0.0040527839821669
KP_vs_Con	P09651	HNRNPA1	11.18559309997838	12.79413227290657	-1.608539172928191	0.3279302346251058	0.0022025591411387
KP_vs_Con	P10721	KIT	11.12330869004901	12.04612655354264	-0.9228178634936288	0.5274777470278454	0.0096083863643307
KP_vs_Con	Q13477	MADCAM1	13.98824774406514	15.37140899502898	-1.383161250963841	0.3833778121358541	0.0025111552067768
KP_vs_Con	Q13418	ILK	11.40199541778982	13.01012691812285	-1.608131500333034	0.3280229132968821	0.005302653675775
KP_vs_Con	P0CG47	UBB	15.5493407917368	16.20945311259035	-0.6601123208535569	0.6328290262374087	0.0001438159674594
KP_vs_Con	Q12841	FSTL1	12.82695664793144	13.5517987212676	-0.7248420733361574	0.6050632750962469	0.0331338180741862
KP_vs_Con	Q13201	MMRN1	15.14148081493537	16.85926797590627	-1.717787160970897	0.3040146683985204	0.0239134531493877
KP_vs_Con	Q13103	SPP2	18.57180560204201	20.613948130282	-2.042142528239989	0.2428028854634382	3.872711403658939e-05
KP_vs_Con	Q13093	PLA2G7	12.36036436037575	13.37354318116609	-1.01317882079034	0.4954533668138492	0.046847638944431
KP_vs_Con	P08514	ITGA2B	13.83170663827795	15.86738880101146	-2.035682162733515	0.243892590953788	0.0096899961627873
KP_vs_Con	P11678	EPX	11.02454013904824	13.53477944727567	-2.510239308227431	0.1755264914510785	0.0002133903540138
KP_vs_Con	Q14623	IHH	10.8797886552446	12.43868607190691	-1.558897416662315	0.3394103780061566	0.0306239090466619
KP_vs_Con	Q14766	LTBP1	16.95646659566183	18.09238720527244	-1.135920609610608	0.4550444520948198	0.0059945590051067
KP_vs_Con	P05141	SLC25A5	11.71357920644794	13.6861491055461	-1.972569899098163	0.2547987492578558	0.0002640401837817
KP_vs_Con	P05154	SERPINA5	16.37816740491133	17.16623902572764	-0.7880716208163037	0.5791176528019333	0.000846070617994
KP_vs_Con	Q6UXB8	PI16	13.95964402099781	14.76343216620052	-0.8037881452027058	0.5728430628443946	0.0221484122419652
KP_vs_Con	P05452	CLEC3B	16.51841173048501	17.27848089568957	-0.760069165204559	0.5904680220151777	0.0017313443051575
KP_vs_Con	P06276	BCHE	17.10027068090174	17.90477154205983	-0.8045008611580968	0.5725601384919816	0.0106512791000898
KP_vs_Con	P06748	NPM1	11.06616663479648	12.0029983126184	-0.9368316778219264	0.5223788248816494	0.0303707979125628
KP_vs_Con	P14151	SELL	11.91609788110141	13.9109443262551	-1.994846445153689	0.250894639955469	0.0023432041459847
KP_vs_Con	P13929	ENO3	10.05837191873064	12.10333126116606	-2.044959342435421	0.2423292833829491	0.0002036005784151
KP_vs_Con	Q04756	HGFAC	15.2882336603679	16.45630646813796	-1.168072807770065	0.4450154076892271	1.762544444613975e-05
KP_vs_Con	P07437	TUBB	15.06297864102447	15.87567435798717	-0.8126957169627023	0.5693170782082231	0.0159770472581475
KP_vs_Con	Q06481	APLP2	14.35209751408325	15.71065287010911	-1.358555356025858	0.3899725937888526	0.0103417664567355
KP_vs_Con	P12814	ACTN1	12.92551775755049	14.09634597704168	-1.170828219491197	0.4441662812855825	0.0169546557793519
KP_vs_Con	P12724	RNASE3	10.65798570760077	12.88654236672612	-2.228556659125349	0.2133720837974951	0.0002214646537034
KP_vs_Con	P12429	ANXA3	10.87479185744856	11.97036210567069	-1.095570248222135	0.4679511220136421	0.0423333433314132
KP_vs_Con	P07910	HNRNPC	13.00661198272105	14.12104122156367	-1.114429238842623	0.4618738464419966	0.0243584008593507
KP_vs_Con	P07996	THBS1	20.05272543580746	21.70055912585482	-1.647833690047356	0.3191189772529839	0.0083590961744701
KP_vs_Con	Q9H4B7	TUBB1	14.2962195651439	15.88072098770462	-1.584501422560717	0.333439882034286	0.0161041922240804
KP_vs_Con	P10124	SRGN	18.65479051474832	20.64838812337558	-1.993597608627269	0.2511119152859348	0.0102342446002916
KP_vs_Con	O14960	LECT2	12.57932799693629	14.18600125442653	-1.606673257490243	0.3283546389073025	0.0095158712163646
KP_vs_Con	Q9Y274	ST3GAL6	13.15282151252915	13.82102589807022	-0.6682043855410775	0.6292894294683837	3.984469452961844e-05
KP_vs_Con	P51149	RAB7A	12.19138742440333	13.35201451399401	-1.160627089590676	0.4473180595259681	0.0359739154018776
KP_vs_Con	Q9ULI3	HEG1	13.0443381948159	14.49889512667103	-1.454556931855139	0.3648671237212383	0.0098334221087689
KP_vs_Con	O43866	CD5L	20.71121977838771	21.30566755369734	-0.5944477753096287	0.6622979164374149	0.0131690809944798
KP_vs_Con	P35625	TIMP3	10.86919278077237	12.31822928014016	-1.449036499367796	0.3662659522143764	0.0136129748365147
KP_vs_Con	P31431	SDC4	14.7887847303687	17.1461413294838	-2.3573565991151	0.1951483812578568	0.0130513375657598
KP_vs_Con	O00299	CLIC1	13.07710892808327	14.60464534631472	-1.527536418231453	0.3468691839892752	0.0165357724953647
KP_vs_Con	O00148	DDX39A	11.05151086556014	12.76801389722494	-1.716503031664798	0.3042853894648209	0.00545463855396
KP_vs_Con	P49411	TUFM	9.452146831486765	10.64580657081202	-1.193659739325259	0.4371924101945421	0.0054202389772671
KP_vs_Con	O43707	ACTN4	11.07268749274638	12.31280006321312	-1.24011257046674	0.4233396225900796	0.0097122778540975
KP_vs_Con	P52907	CAPZA1	12.48620621665745	13.4863911395199	-1.000184922862449	0.4999359147269095	0.0258342483244586
KP_vs_Con	O43852	CALU	15.73089128091584	17.41565849457167	-1.684767213655823	0.3110530993100945	0.0033629174212556
KP_vs_Con	Q9Y251	HPSE	13.22725592995742	14.55578484354718	-1.328528913589762	0.3981740448180157	0.0225777868404455
KP_vs_Con	O60240	PLIN1	11.8487205481288	13.93433755532331	-2.085617007194509	0.2355953537640691	0.0017685932386048
KP_vs_Con	Q9HCN6	GP6	13.73978233999909	15.68805510895338	-1.948272768954284	0.2591262778687115	0.0032234190751483
KP_vs_Con	O15143	ARPC1B	12.75501453988613	14.00888152930946	-1.253866989423331	0.4193227502793342	0.0378833568947141
KP_vs_Con	P30048	PRDX3	10.50151444288719	11.50833175536438	-1.006817312477192	0.4976428731096137	0.0133295326021395
KP_vs_Con	P46781	RPS9	10.12900106969642	11.78688106302827	-1.657879993331843	0.3169044902514671	0.002080391815058
KP_vs_Con	P43652	AFM	20.49607556838262	21.14082879044104	-0.6447532220584229	0.6396021874329274	0.0020007997845179
KP_vs_Con	P40197	GP5	16.0978503510349	17.80026424790586	-1.702413896870965	0.3072715505867506	0.003980677356566
KP_vs_Con	Q9Y490	TLN1	14.17690209092285	15.48399770840644	-1.307095617483592	0.404133648753698	0.0199660627461213
KP_vs_Con	O75083	WDR1	13.40374892386116	14.56787679468131	-1.164127870820153	0.4462339327983098	0.0074941608700904
KP_vs_Con	Q9Y3I1	FBXO7	9.555473092641972	12.09231613752927	-2.536843044887299	0.1723193902445739	0.0006039650079529
KP_vs_Con	P05062	ALDOB	17.24526048265777	16.1815083961974	1.063752086460369	2.090360960724113	0.0142233725635903
KP_vs_Con	A2NJV5	IGKV2-29	14.43118137783958	11.5868997262107	2.844281651628883	7.18148228078521	0.0012640539125112
KP_vs_Con	A1L4H1	SSC5D	13.44485079940697	11.84545328384411	1.599397515562862	3.030167439352895	0.0019284840433057
KP_vs_Con	P78539	SRPX	13.14700496719435	11.70873965028682	1.438265316907529	2.709948278571769	0.0099204078169213
KP_vs_Con	P49720	PSMB3	16.94783703614338	16.23674369284449	0.7110933432988951	1.637044277574964	0.0117692398720135
KP_vs_Con	A0A0J9YVY3	IGHV7-4-1	14.02773814008928	12.30925297259822	1.71848516749106	3.290906795985088	0.0160421910048958
KP_vs_Con	P20618	PSMB1	16.1376839749931	15.47920606284231	0.6584779121507882	1.578416466810266	0.0202813378488785
KP_vs_Con	Q6UXH0	ANGPTL8	13.58839251085683	11.64718525723156	1.941207253625269	3.840268687031275	0.0131423604594637
KP_vs_Con	P02741	CRP	23.01692078997085	21.44679951067483	1.570121279296025	2.969296742921995	0.0014258958797199
KP_vs_Con	Q8NBP7	PCSK9	18.68983327578916	18.08770780207509	0.6021254737140715	1.517951266113027	0.023498794372912
KP_vs_Con	Q7Z5N4	SDK1	11.01346628478496	9.976220660641236	1.037245624143726	2.052305673530524	0.0278636990590883
KP_vs_Con	Q8NBJ4	GOLM1	17.57778214487722	16.59904798442427	0.9787341604529552	1.970735501004741	0.0347311633513242
KP_vs_Con	P49721	PSMB2	15.54416859757268	14.8122781936197	0.7318904039529777	1.660813877685265	0.0288673376308318
KP_vs_Con	P28065	PSMB9	14.75145898860593	13.84133695498554	0.9101220336203876	1.879204448460452	0.0097069218159774
KP_vs_Con	Q86UD1	OAF	16.06410917864549	15.43417437942073	0.6299347992247615	1.547495054882863	0.0120843527914099
KP_vs_Con	Q86VB7	CD163	14.65260955709974	13.8025431402793	0.8500664168204377	1.802583908203239	0.0074050364204499
KP_vs_Con	Q86X29	LSR	12.90308070014966	11.50912863513994	1.393952065009721	2.62797593571085	0.0069331203178954
KP_vs_Con	Q86YB7	ECHDC2	10.96790313418963	9.74004049114958	1.227862643040048	2.34219735451515	0.0202362966674748
KP_vs_Con	Q9NZ08	ERAP1	15.46787109338358	14.66427226678862	0.8035988265949587	1.745449753700036	0.004379579814578
KP_vs_Con	O00748	CES2	12.22831632480796	10.9883005950191	1.240015729788856	2.362011075864306	0.0282402332102787
KP_vs_Con	Q8IYS5	OSCAR	11.43307919912197	10.21663450667356	1.216444692448416	2.323733614888031	0.0257300520531474
KP_vs_Con	O14818	PSMA7	16.89950425709555	16.07011948614512	0.829384770950437	1.776927440194039	0.0063943224256186
KP_vs_Con	P18428	LBP	20.08871988054781	18.6789839965024	1.409735884045414	2.656885184430731	3.108137440403486e-05
KP_vs_Con	P28066	PSMA5	16.93666599832179	16.28686854605966	0.6497974522621242	1.568947907271392	0.0190086154392867
KP_vs_Con	P05186	ALPL	12.22671260734625	10.98442767718404	1.242284930162212	2.365729182409128	0.0233720634558705
KP_vs_Con	Q08830	FGL1	15.7257816177691	13.10718924140661	2.618592376362484	6.141505593155101	1.822031663701767e-05
KP_vs_Con	Q14767	LTBP2	15.44122492361488	14.47237434298874	0.9688505806261444	1.957280575496008	0.0052995051923437
KP_vs_Con	P08254	MMP3	12.81974724124235	11.07952711692398	1.74022012431837	3.340861382615155	0.00471232916684
KP_vs_Con	P36222	CHI3L1	11.39516971938415	9.995196728255264	1.399972991128882	2.638966416668808	0.029205858598541
KP_vs_Con	Q14213	EBI3	12.80362478875037	11.94307477159911	0.8605500171512617	1.815730412911458	0.0303545835872115
KP_vs_Con	A0A0A0MT36	IGKV6D-21	16.92891007196191	15.2654515517756	1.66345852018631	3.16775008409958	6.224987446365812e-05
KP_vs_Con	P09110	ACAA1	11.62526042377353	10.03169775971834	1.593562664055197	3.017936946459292	0.0018856194156125
KP_vs_Con	P80404	ABAT	11.62141989510945	10.14245909729227	1.47896079781718	2.787478732513789	0.0044843591183896
KP_vs_Con	Q9Y279	VSIG4	15.80448739522161	13.61118074614162	2.193306649079982	4.5735253546345	0.0001741457565298
KP_vs_Con	Q9Y287	ITM2B	14.87468460666559	14.23080851451138	0.6438760921542084	1.562521555270908	0.0016754008620676
KP_vs_Con	P11047	LAMC1	14.65461864822767	13.68194154086208	0.9726771073655858	1.96247885200049	0.0093752286988966
KP_vs_Con	P0DJI8	SAA1	20.95144938460147	17.8340014612507	3.11744792335077	8.678513329615571	0.0001019486839292
KP_vs_Con	P0DJI9	SAA2	20.71273324134836	17.46200220674556	3.250731034602808	9.518478850201518	0.0001235387886945
KP_vs_Con	Q13308	PTK7	11.38345083643102	10.44801411727969	0.9354367191513262	1.912469472447086	0.0452086404501508
KP_vs_Con	Q9Y6R7	FCGBP	16.6641225581434	15.54443647418328	1.119686083960122	2.172996851183759	0.000477307472228
KP_vs_Con	P10451	SPP1	17.88252251539479	17.01584192052037	0.8666805948744276	1.823462581282497	0.0162008028269378
KP_vs_Con	Q06828	FMOD	11.48791222744932	10.0735440994768	1.414368127972521	2.665429692760067	0.0037648868569346
KP_vs_Con	P07478	PRSS2	13.84813149084132	12.32172926195831	1.526402228883006	2.880665665661216	0.0432292843388444
KP_vs_Con	P15291	B4GALT1	19.41580970593566	18.4130126092974	1.002797096638268	2.003881360671674	0.0004917861406038
KP_vs_Con	P98095	FBLN2	15.21654185028599	14.27939950906764	0.9371423412183528	1.914731821050154	0.0214732170076899
KP_vs_Con	Q00796	SORD	11.41694298693304	9.998226232299103	1.418716754633934	2.673476053784343	0.0124943999673149
KP_vs_Con	P02679	FGG	19.4960871780784	18.4143141736848	1.081773004393607	2.116635729194921	0.0084605567238612
KP_vs_Con	Q4LDE5	SVEP1	14.2526280770331	13.19540516924661	1.057222907786489	2.080922027106879	0.0107865024530905
KP_vs_Con	Q01995	TAGLN	12.5611737941816	11.29980446295405	1.261369331227549	2.39723165759212	0.009089892560713
KP_vs_Con	Q16851	UGP2	12.75856151190863	11.70861939263073	1.049942119277894	2.070446779982857	0.0312062807614407
KP_vs_Con	Q02487	DSC2	15.0502226953315	14.46149147041454	0.5887312249169678	1.503923543292678	0.0067196798605868
KP_vs_Con	P35442	THBS2	14.49440428698877	12.63458733250601	1.859816954482758	3.629616075496581	0.0049863859736519
KP_vs_Con	P13667	PDIA4	15.42943068944184	14.78033533440856	0.6490953550332819	1.568184553997945	0.0097053930764672
KP_vs_Con	Q15828	CST6	12.95166041668346	12.17641435099889	0.7752460656845681	1.711481936378948	0.034258022214398
KP_vs_Con	P13611	VCAN	17.01147561817561	16.08541714411448	0.9260584740611364	1.900077776489628	0.0072923007905674
KP_vs_Con	A0A0C4DH31	IGHV1-18	17.62511916857259	16.88467355306549	0.7404456155070989	1.670691797660216	0.0495935206222964
KP_vs_Con	Q05707	COL14A1	10.96773204456312	9.97520923181189	0.9925228127512272	1.989661232459752	0.0364830970618791
KP_vs_Con	A0A0C4DH29	IGHV1-3	16.80078403785775	14.30338814682155	2.497395891036192	5.646652663277808	0.0147428728026011
KP_vs_Con	P14625	HSP90B1	18.73905683082008	18.07309987179048	0.6659569590296002	1.586620350877345	0.0042083595224516
KP_vs_Con	P20908	COL5A1	11.84403740399814	10.15956236606645	1.684475037931691	3.214234167555495	0.0007530018868873
KP_vs_Con	P02675	FGB	19.39720861780968	18.27095267921066	1.126255938599019	2.182914975685382	0.0111682156515987
KP_vs_Con	Q92743	HTRA1	15.04784849818377	14.29182346450704	0.7560250336767371	1.688831079228118	0.0043624954527968
KP_vs_Con	Q9HD89	RETN	11.08713382868663	9.43508229691972	1.652051531766908	3.142802322732586	0.0039768248272993
KP_vs_Con	P00167	CYB5A	12.1581173751178	10.02190703868737	2.136210336430434	4.396057742887206	0.0047397336409157
KP_vs_Con	P26572	MGAT1	15.84460257539444	15.08000801638245	0.7645945590119876	1.698892490954879	4.548459949374887e-05
KP_vs_Con	P26022	PTX3	15.14503866555229	13.80470818571746	1.340330479834838	2.532093151041509	0.0103364644676958
KP_vs_Con	P00367	GLUD1	12.08283814662095	10.23231707338967	1.850521073231285	3.60630414176886	0.0113100153335272
KP_vs_Con	P24821	TNC	16.93324896296741	15.92182314514629	1.01142581782112	2.01590243553929	0.0041940127768698
KP_vs_Con	Q9BYE9	CDHR2	17.29111179013317	15.67547072221801	1.615641067915151	3.064477405765652	0.0245569448218219
KP_vs_Con	P22897	MRC1	16.41383833153054	15.19150236760167	1.222335963928868	2.333242024103228	6.576400648461294e-05
KP_vs_Con	Q96FQ6	S100A16	11.53694148405438	10.51099226042873	1.025949223625654	2.03629872971462	0.0329674780863061
KP_vs_Con	P00451	F8	14.73042078179484	14.12649438465608	0.6039263971387623	1.51984731543722	0.0084193817041046
KP_vs_Con	P55268	LAMB2	13.52630649998814	12.72259563343675	0.8037108665513966	1.745585310905571	0.0263945790746714
KP_vs_Con	P60900	PSMA6	15.86530736896258	15.187401193981	0.6779061749815831	1.599816209959758	0.0462720062629263
KP_vs_Con	Q9BXX0	EMILIN2	12.52163998379556	11.04417622602669	1.47746375776887	2.784587752197592	0.0276465789711395
KP_vs_Con	P25789	PSMA4	16.23920128470079	15.43574717890688	0.8034541057939091	1.745274671503065	0.0186704410913579
KP_vs_Con	Q9BXD5	NPL	11.82894873412405	10.25925688307525	1.569691851048805	2.968413042550614	0.0027648447498902
KP_vs_Con	P25788	PSMA3	16.24121246097701	15.41807476830544	0.8231376926715708	1.769249722075901	0.006611292333769
KP_vs_Con	Q9BWD1	ACAT2	12.61427095438498	11.75408941748174	0.8601815369032426	1.815266714528612	0.0348992883169325
KP_vs_Con	P25787	PSMA2	16.36239561196841	15.67267869848899	0.6897169134794208	1.612966990001949	0.0310689894567153
KP_vs_Con	P25786	PSMA1	17.02554023792076	16.31425661890552	0.7112836190152372	1.637260200071211	0.011502921263203
KP_vs_Con	P02671	FGA	18.67659501371791	17.92175750816837	0.7548375055495455	1.687441520680593	0.0081382299591205
KP_vs_Con	Q9BRK5	SDF4	14.40562305739857	13.47286092717467	0.9327621302238978	1.908927260762354	0.0069037603204103
KP_vs_Con	Q99715	COL12A1	14.26507872225909	13.42546135924698	0.8396173630121098	1.789575440999579	0.0436940390919106
KP_vs_Con	O43491	EPB41L2	11.6298957408043	10.33322570855019	1.296670032254111	2.456612029632769	0.0440206947822969
KP_vs_Con	Q99941	ATF6B	12.31149468574668	11.44007068376456	0.8714240019821222	1.829467772852921	0.0177964014801691
KP_vs_Con	P02452	COL1A1	12.78275312299479	11.39694964149187	1.38580348150292	2.613174526727508	0.0062056383834554
KP_vs_Con	P28070	PSMB4	15.65817131082161	14.95986020283581	0.6983111079857984	1.62260417767339	0.0188242839244918
KP_vs_Con	P21549	AGXT	12.05678695403994	10.24058543411494	1.816201519925	3.521527917370186	0.0171845403081884
KP_vs_Con	P21709	EPHA1	11.09654192935061	9.823123437352656	1.273418491997955	2.41733679780183	0.0108225667320203
KP_vs_Con	P54760	EPHB4	12.20253707317396	11.19046631475614	1.012070758417812	2.016803823519414	0.0239882216019748
KP_vs_Con	Q9H3R1	NDST4	13.06040715877787	11.01855068711236	2.041856471665508	4.117750653743827	0.0450544001552675
KP_vs_Con	P61981	YWHAG	14.18876376634687	12.99722416925487	1.191539597091998	2.283963503013307	0.033169353538082
KP_vs_Con	Q8WUA8	TSKU	14.97500392009541	13.42188644713899	1.553117472956416	2.934505623804069	0.0062043724873171
KP_vs_Con	P55058	PLTP	19.08044002716806	18.25773329206826	0.8227067350997999	1.768721295989864	0.001518609330854
KP_vs_Con	P28072	PSMB6	15.26737840086455	14.47436419491238	0.7930142059521703	1.732690774202882	0.0122635116073303
CRKP_vs_Con	P80108	GPLD1	17.42353563949533	18.03308437321473	-0.6095487337194001	0.6554016755492401	0.0021577666980644
CRKP_vs_Con	P13929	ENO3	10.53719028592773	12.10333126116606	-1.566140975238326	0.3377105196015007	0.0051023796915728
CRKP_vs_Con	Q5SZK8	FREM2	9.340975611660648	10.61503015365068	-1.274054541990028	0.4134960514488056	0.0005743358657473
CRKP_vs_Con	P23280	CA6	9.982030794059538	11.48037412661174	-1.498343332552206	0.3539596142240318	0.0024595109819718
CRKP_vs_Con	P08514	ITGA2B	14.37749805237748	15.86738880101146	-1.489890748633982	0.3560395097807586	0.0060717508441245
CRKP_vs_Con	P08519	LPA	16.40658959632869	17.7640422190402	-1.357452622711516	0.3902707858189466	0.0047377653740216
CRKP_vs_Con	O75144	ICOSLG	12.02434356673915	13.30960527739706	-1.285261710657915	0.4102963682496485	0.0109793482066383
CRKP_vs_Con	P14151	SELL	11.7498588445074	13.9109443262551	-2.161085481747699	0.22358797714525	0.0004217937868763
CRKP_vs_Con	Q53RD9	FBLN7	10.56533530774411	11.47552291033501	-0.910187602590904	0.5321158923952953	0.0451310509545387
CRKP_vs_Con	Q04756	HGFAC	15.48724703467647	16.45630646813796	-0.9690594334614904	0.5108389963307656	0.0003902767887244
CRKP_vs_Con	Q13477	MADCAM1	14.69486615890564	15.37140899502898	-0.6765428361233425	0.6256627698245953	0.0077781997195524
CRKP_vs_Con	P11678	EPX	11.84535440057531	13.53477944727567	-1.689425046700354	0.3100504639277112	0.0296500372185752
CRKP_vs_Con	P25311	AZGP1	16.93960652231593	18.12107911507939	-1.181472592763456	0.4409012301283272	0.009393247280125
CRKP_vs_Con	Q96PD5	PGLYRP2	19.78633340809242	20.44507411016417	-0.6587407020717535	0.6334309642095692	0.0006587748753359
CRKP_vs_Con	Q15008	PSMD6	12.36084923248546	14.38877672507743	-2.027927492591974	0.2452070743794999	0.0278478225830466
CRKP_vs_Con	Q71U36	TUBA1A	15.76951184134389	16.48754054930358	-0.718028707959693	0.6079275444174481	0.0382323497952947
CRKP_vs_Con	Q13555	CAMK2G	11.24282210253473	12.37431690574902	-1.131494803214295	0.4564425513923649	0.0351766568930091
CRKP_vs_Con	P25705	ATP5F1A	12.07385765014127	13.58109100236006	-1.507233352218789	0.351785188878255	0.0057744127100959
CRKP_vs_Con	P02787	TF	21.2639946633461	22.20634076896381	-0.9423461056177124	0.5203859421684054	0.001841821141619
CRKP_vs_Con	O60240	PLIN1	11.72623370733772	13.93433755532331	-2.208103847985598	0.2164185625915793	0.0004882375044727
CRKP_vs_Con	O43707	ACTN4	11.21601585226538	12.31280006321312	-1.096784210947748	0.4675575278959379	0.0415348915446117
CRKP_vs_Con	O43852	CALU	16.21366410559554	17.41565849457167	-1.201994388976129	0.4346739706041472	0.0025523282780386
CRKP_vs_Con	P02775	PPBP	17.11410643122113	18.5705183985796	-1.456411967358466	0.3643982744564108	0.0007360253398174
CRKP_vs_Con	Q13418	ILK	11.1561302614042	13.01012691812285	-1.853996656718652	0.2766249793191908	0.0025287221499939
CRKP_vs_Con	Q9H4B7	TUBB1	14.88108916366076	15.88072098770462	-0.999631824043858	0.5001276163461361	0.0116591131313364
CRKP_vs_Con	Q96KN2	CNDP1	17.66917295663796	18.32526517830674	-0.6560922216687786	0.6345948763846762	0.0279465287397188
CRKP_vs_Con	Q15166	PON3	21.57604131024272	22.22489178816881	-0.6488504779260929	0.6377882933054903	0.0116467477888564
CRKP_vs_Con	P17301	ITGA2	10.20630693850606	11.55101838858509	-1.344711450079028	0.3937327299341254	0.000159462162539
CRKP_vs_Con	Q9HBI1	PARVB	12.89488700074163	14.3089300196434	-1.414043018901774	0.3752585845897477	0.0453479015027209
CRKP_vs_Con	Q13103	SPP2	18.00144913405971	20.613948130282	-2.612498996222285	0.1635156926978609	8.373031645524732e-11
CRKP_vs_Con	Q9H1B5	XYLT2	13.90809367871127	14.61207116569561	-0.7039774869843392	0.6138774213376335	0.0138762673119578
CRKP_vs_Con	P02042	HBD	13.79963448426993	14.9961320976685	-1.196497613398577	0.4363332698321857	0.0179286639501815
CRKP_vs_Con	Q12841	FSTL1	12.30078683019399	13.5517987212676	-1.25101189107361	0.4201534130869567	0.0019322214759819
CRKP_vs_Con	P02652	APOA2	20.11445958856515	21.06785451831092	-0.9533949297457768	0.5164158085350148	0.000931642722104
CRKP_vs_Con	O75882	ATRN	16.8200633655319	17.62771802858149	-0.8076546630495862	0.5713098611189052	0.0002068916008442
CRKP_vs_Con	P09486	SPARC	19.63543554595408	20.64369966529178	-1.008264119337692	0.4971440620646144	0.0032961245755041
CRKP_vs_Con	P02730	SLC4A1	12.9391089066105	13.65114422692373	-0.7120353203132357	0.610458310804096	0.0306224323561219
CRKP_vs_Con	Q06481	APLP2	14.89504446461714	15.71065287010911	-0.8156084054919734	0.568168831024739	0.0206605787181879
CRKP_vs_Con	P08758	ANXA5	10.67964807252682	11.72367229338995	-1.044024220863132	0.4849728130768007	0.0155086520288898
CRKP_vs_Con	P08865	RPSA	9.843058464769102	12.55255528330509	-2.709496818535984	0.1528833478863326	2.087012854483786e-06
CRKP_vs_Con	O95445	APOM	20.20118029370876	20.86146890728084	-0.660288613572078	0.632751701279479	0.0017712996951379
CRKP_vs_Con	Q9HCN6	GP6	13.9143739585611	15.68805510895338	-1.773681150392273	0.2924615457112434	0.0419443609525602
CRKP_vs_Con	P10124	SRGN	19.65314796581622	20.64838812337558	-0.9952401575593584	0.5016523599769463	0.0146292582837558
CRKP_vs_Con	O95810	CAVIN2	12.4501347696752	14.32270248128607	-1.872567711610864	0.2730869518099641	0.0263029596749357
CRKP_vs_Con	O95866	MPIG6B	10.76967651276739	12.43026431759971	-1.660587804832314	0.3163102462865567	0.0363926594482371
CRKP_vs_Con	P20023	CR2	11.04400240590106	12.64042860457615	-1.596426198675095	0.3306951521093581	0.0223346348384246
CRKP_vs_Con	O14960	LECT2	12.65997561376294	14.18600125442653	-1.526025640663592	0.3472326126067446	0.0017921290987944
CRKP_vs_Con	Q76LX8	ADAMTS13	15.23510217231567	15.94581422521163	-0.7107120528959587	0.6110184916789716	4.861800686840817e-05
CRKP_vs_Con	P04899	GNAI2	12.30228435752159	14.13570224778023	-1.833417890258636	0.2805990655734868	0.0183447149758116
CRKP_vs_Con	P58335	ANTXR2	9.966826118187509	11.4340114165941	-1.467185298406596	0.3616872637091073	0.0263540368730485
CRKP_vs_Con	P05067	APP	17.97579176459394	19.01919629373808	-1.043404529144134	0.4851811718651584	0.0101728476798997
CRKP_vs_Con	P60842	EIF4A1	11.66853985193713	13.21609844786671	-1.547558595929576	0.3420884746668063	0.014215834432961
CRKP_vs_Con	P05556	ITGB1	11.26569606334979	12.39132477530936	-1.125628711959568	0.4583022545734225	0.0340175742116431
CRKP_vs_Con	Q9Y274	ST3GAL6	13.0132708110019	13.82102589807022	-0.8077550870683243	0.5712700944088365	1.588165151173175e-05
CRKP_vs_Con	P05019	IGF1	14.57488712758635	15.56372538788812	-0.9888382603017688	0.5038833671087607	0.0477141165984832
CRKP_vs_Con	P04792	HSPB1	13.4585794227223	14.37634062783707	-0.91776120511477	0.5293298048570327	0.0184600074336056
CRKP_vs_Con	Q9UKU6	TRHDE	10.41047030148397	11.52598180623676	-1.115511504752794	0.4615274926681448	0.0025692201404502
CRKP_vs_Con	P06276	BCHE	16.57953523161341	17.90477154205983	-1.325236310446428	0.3990838187250869	3.128618635000304e-06
CRKP_vs_Con	Q14766	LTBP1	17.18473779251234	18.09238720527244	-0.9076494127601044	0.5330528887092404	0.0088760026366727
CRKP_vs_Con	Q14012	CAMK1	9.358926272162895	10.2944218021083	-0.9354955299453992	0.5228628486368851	0.0095627000641622
CRKP_vs_Con	Q8IUK5	PLXDC1	11.61094514285559	13.31161548550121	-1.700670342645623	0.3076431249388683	0.0004524258013503
CRKP_vs_Con	Q86WI1	PKHD1L1	9.915850052603997	10.93785135511016	-1.022001302506169	0.4924327768652398	0.0431495184360205
CRKP_vs_Con	P40197	GP5	16.55639815759611	17.80026424790586	-1.243866090309748	0.4222396338061003	0.0027747915084871
CRKP_vs_Con	Q9Y3I1	FBXO7	9.272194346923406	12.09231613752927	-2.820121790605865	0.141598531577155	0.000103371255154
CRKP_vs_Con	P55854	SUMO3	10.8406985723177	13.17219194679524	-2.331493374477533	0.1986783568694898	0.0191474302854315
CRKP_vs_Con	P40926	MDH2	11.01389566644273	12.28859446555238	-1.274698799109645	0.4133114398057194	0.0318680865945884
CRKP_vs_Con	P55290	CDH13	11.3820683478293	12.82534936222992	-1.443281014400613	0.367730051432294	0.0133945673257597
CRKP_vs_Con	P43652	AFM	20.54739196115209	21.14082879044104	-0.5934368292889545	0.662762174001489	0.0003011023001261
CRKP_vs_Con	Q8TDL5	BPIFB1	16.52008606042277	17.51368112767877	-0.993595067255999	0.5022247152621901	0.0032066808595645
CRKP_vs_Con	P55056	APOC4	19.49497063238523	20.81502802895238	-1.320057396567154	0.4005190041221602	5.142955395995802e-05
CRKP_vs_Con	P05106	ITGB3	12.56735937749997	14.1047389302632	-1.537379552763232	0.344510640418907	0.0303442180208606
CRKP_vs_Con	P48507	GCLM	10.14152779988918	11.39045366457815	-1.248925864688976	0.420761362117406	0.0333965285986735
CRKP_vs_Con	Q14623	IHH	10.17425320068138	12.43868607190691	-2.264432871225534	0.208131484857735	0.0011856734996739
CRKP_vs_Con	P49411	TUFM	9.661952502031996	10.64580657081202	-0.983854068780028	0.5056271829456297	0.0092758992679305
CRKP_vs_Con	P05141	SLC25A5	11.71963350840218	13.6861491055461	-1.966515597143921	0.2558702646453374	0.0007015714753675
CRKP_vs_Con	P05154	SERPINA5	16.38069390156795	17.16623902572764	-0.785545124159686	0.5801327118889356	6.32275832134888e-05
CRKP_vs_Con	Q9P232	CNTN3	12.82208676575844	14.54769663022838	-1.72560986446994	0.3023706753875311	0.0021395523196039
CRKP_vs_Con	P61604	HSPE1	9.726802269552106	11.68164565552303	-1.954843385970927	0.2579487953426436	0.0002292412120703
CRKP_vs_Con	P63241	EIF5A	10.02910482843617	11.56030602471562	-1.531201196279449	0.3459891744705971	0.0162271220999147
CRKP_vs_Con	P29622	SERPINA4	19.87782413244872	20.56191545808242	-0.6840913256336982	0.6223977173580624	0.0005673517583685
CRKP_vs_Con	P01601	IGKV1D-16	15.54365602555462	16.39813925411051	-0.8544832285558908	0.5530633977568286	0.0277084540001328
CRKP_vs_Con	O00231	PSMD11	9.875433536495766	11.28802299843192	-1.412589461936159	0.3756368589925849	0.0127963279796745
CRKP_vs_Con	P10721	KIT	10.87887796582161	12.04612655354264	-1.167248587721028	0.4452697202123244	0.0049225694832503
CRKP_vs_Con	P04070	PROC	19.56211525088997	20.26167365882715	-0.6995584079371682	0.615760654958043	4.106993677601698e-05
CRKP_vs_Con	P68871	HBB	19.02336008302023	19.97723598413259	-0.9538759011123688	0.5162436724899271	0.0338278912876308
CRKP_vs_Con	P01137	TGFB1	16.78453309613754	17.74597270702383	-0.9614396108862876	0.5135442111973167	0.0179663198939343
CRKP_vs_Con	P69905	HBA1	18.84093836350758	19.91388377508377	-1.0729454115762	0.4753475363853753	0.024746583297933
CRKP_vs_Con	P07355	ANXA2	13.07785859686087	13.72068425305279	-0.6428256561919188	0.6404573226422862	0.0046501674951507
CRKP_vs_Con	P15085	CPA1	12.3838880542562	13.43887611654443	-1.054988062288235	0.4813012041051319	0.0198861686102705
CRKP_vs_Con	P06748	NPM1	10.83155140616976	12.0029983126184	-1.171446906448647	0.4439758453562554	0.0480811455193573
CRKP_vs_Con	P61978	HNRNPK	10.8175574985599	12.77078257406202	-1.953225075502116	0.2582383059039698	0.000218646348357
CRKP_vs_Con	A0A0C4DH43	IGHV2-70D	10.47002010698033	12.28529512766377	-1.815275020683437	0.284150070671349	0.0233402116815236
CRKP_vs_Con	P13473	LAMP2	14.67314802872219	15.47220786619943	-0.7990598374772393	0.5747235861848614	4.562415558383045e-05
CRKP_vs_Con	P30048	PRDX3	10.54649041909811	11.50833175536438	-0.9618413362662732	0.5134012322467645	0.0219318045321672
CRKP_vs_Con	P62857	RPS28	11.32429802902131	12.87385679898402	-1.549558769962712	0.3416145266972431	0.0004961563004881
CRKP_vs_Con	P62829	RPL23	10.13733460472403	11.66771556649658	-1.530380961772547	0.3461859402050356	0.0077502713855156
CRKP_vs_Con	Q9UHG3	PCYOX1	16.48396038940417	17.14884594783654	-0.664885558432367	0.6307387356867991	2.589088095117417e-05
CRKP_vs_Con	P62241	RPS8	9.890374072624295	11.47793046466108	-1.587556392036779	0.3327345556296567	0.0044357628236888
CRKP_vs_Con	P11047	LAMC1	14.28892627901623	13.68194154086208	0.6069847381541482	1.523072627481375	0.0466163955691788
CRKP_vs_Con	P10451	SPP1	18.54751214337572	17.01584192052037	1.531670222855357	2.891203630377999	3.733157850012778e-05
CRKP_vs_Con	Q15063	POSTN	15.32328261245533	14.09377480760872	1.229507804846609	2.344869777576283	0.0129698514192285
CRKP_vs_Con	P10645	CHGA	18.17119413112692	16.2948670225636	1.87632710856332	3.671391865634784	0.0024517605288743
CRKP_vs_Con	P10321	HLA-C	12.89518630039149	11.57804300318683	1.317143297204664	2.491722311791493	0.0201859568755193
CRKP_vs_Con	Q14767	LTBP2	15.25068545365618	14.47237434298874	0.7783111106674454	1.715121891679064	0.0088504662084673
CRKP_vs_Con	A0A075B6H7	IGKV3-7	22.22329849895938	21.43141876451308	0.7918797344463009	1.731328798460581	0.0016848729524539
CRKP_vs_Con	Q15435	PPP1R7	13.84776741447122	12.78224282803955	1.065524586431669	2.092930763530084	0.0040023151298067
CRKP_vs_Con	P0DJI9	SAA2	20.83548732722522	17.46200220674556	3.373485120479664	10.36382834478562	0.0002559138904718
CRKP_vs_Con	P05186	ALPL	12.50765551368036	10.98442767718404	1.523227836496318	2.87433424425504	0.0025014115960043
CRKP_vs_Con	P05362	ICAM1	14.20373169569292	13.58147056012018	0.6222611355727352	1.539285813969511	0.012261520874149
CRKP_vs_Con	P05451	REG1A	15.58926543456399	14.5870805122991	1.00218492226489	2.003031240201202	0.0224875687502115
CRKP_vs_Con	Q8IYS5	OSCAR	12.21836870278035	10.21663450667356	2.00173419610679	4.004811103589622	8.072169340935116e-06
CRKP_vs_Con	P06280	GLA	11.0191155098112	10.09988701853383	0.9192284912773712	1.891103719169875	0.0432149812936561
CRKP_vs_Con	Q86VB7	CD163	14.62415823355498	13.8025431402793	0.8216150932756765	1.767383466594276	0.005139817567761
CRKP_vs_Con	Q86UD1	OAF	16.25639734218888	15.43417437942073	0.8222229627681497	1.768128298193952	0.0001273518293162
CRKP_vs_Con	Q86U17	SERPINA11	14.0482674967634	13.13321646867074	0.9150510280926624	1.885635765553591	0.0244553329863683
CRKP_vs_Con	P06858	LPL	12.63854934771501	11.21890862456444	1.41964072315057	2.675188819698187	0.0116662347818096
CRKP_vs_Con	Q86SF2	GALNT7	11.66416875721748	10.62565804983343	1.03851070738405	2.05410610683108	0.0009046798343235
CRKP_vs_Con	Q7Z5N4	SDK1	11.61677668852554	9.976220660641236	1.640556027884298	3.11785973881187	0.0011432255144919
CRKP_vs_Con	Q7Z304	MAMDC2	12.32049527677397	10.97280007217015	1.347695204603825	2.54505212550036	0.0058086878674287
CRKP_vs_Con	P07585	DCN	14.31862764108621	13.26685430521179	1.051773335874424	2.073076472091559	0.0036744230864136
CRKP_vs_Con	P07711	CTSL	14.19142274577376	13.42138372623078	0.7700390195429883	1.705315905374252	0.0036264288644055
CRKP_vs_Con	P07900	HSP90AA1	16.26666695901129	15.53816428418929	0.7285026748220069	1.656918538313018	0.0104323747138444
CRKP_vs_Con	Q6UX06	OLFM4	11.62106731265808	10.28589955089981	1.335167761758276	2.523048189705615	0.0271695956635007
CRKP_vs_Con	P08254	MMP3	12.40197320391589	11.07952711692398	1.322446086991917	2.50089777307778	0.016752390969973
CRKP_vs_Con	Q6JBY9	RCSD1	10.78116049265629	10.0243477226658	0.756812769990491	1.689753461849026	0.0480153632549233
CRKP_vs_Con	Q5JRA6	MIA3	17.14524023767273	16.17151978609305	0.9737204515796768	1.963898612558105	0.0062757374622738
CRKP_vs_Con	P08571	CD14	19.93046442918796	19.28486680226369	0.6455976269242711	1.564387189148828	0.0001560810586136
CRKP_vs_Con	Q4LDE5	SVEP1	14.75383699338949	13.19540516924661	1.558431824142885	2.945335183326562	6.514272855454554e-05
CRKP_vs_Con	Q16270	IGFBP7	14.13603341538246	13.46431874303961	0.6717146723428495	1.592965114235215	0.0036691724780854
CRKP_vs_Con	P0DJD8	PGA3	13.77972259680053	12.12383654936022	1.65588604744031	3.151166636648861	0.0272810172155636
CRKP_vs_Con	P0DJI8	SAA1	20.99179005664205	17.8340014612507	3.157788595391349	8.92460671992008	0.0001743277474633
CRKP_vs_Con	Q14393	GAS6	15.8987715455393	15.07739767742271	0.8213738681165879	1.767087976760989	0.0009640776702713
CRKP_vs_Con	Q08830	FGL1	15.86440939904803	13.10718924140661	2.757220157641413	6.760922724535051	6.942691704893751e-06
CRKP_vs_Con	Q14213	EBI3	13.1494278724308	11.94307477159911	1.206353100831693	2.307535912378144	0.0005014492534
CRKP_vs_Con	P78509	RELN	14.48123733964811	13.710470597266	0.770766742382115	1.706176316161741	0.0001772920987205
CRKP_vs_Con	P30046	DDT	14.28604972226938	13.12153380221964	1.164515920049743	2.241579893160196	0.0179956767212392
CRKP_vs_Con	P63098	PPP3R1	11.87671884567538	10.59533198938677	1.281386856288605	2.430725291394781	0.0039072493337013
CRKP_vs_Con	P63208	SKP1	13.61363643257624	12.51809001460895	1.09554641796729	2.136940024760341	0.0153726187199157
CRKP_vs_Con	P63316	TNNC1	13.20382160986918	10.18539589515479	3.01842571471439	8.102829112816355	0.0019351110232648
CRKP_vs_Con	P28676	GCA	12.91449265828274	11.59900116870054	1.315491489582206	2.488871057382325	0.0398359951858878
CRKP_vs_Con	P28070	PSMB4	15.62596495638415	14.95986020283581	0.6661047535483338	1.586782897913344	0.0117441838989565
CRKP_vs_Con	P28062	PSMB8	15.28602308823151	14.60039873581177	0.6856243524197314	1.608397894222968	0.0138990805545143
CRKP_vs_Con	P27824	CANX	16.68757746847459	15.74582421863895	0.9417532498356403	1.9208611668942	0.0012581504959681
CRKP_vs_Con	P27797	CALR	18.43760728260785	17.41228772475661	1.025319557851237	2.035410178901807	0.000962379789022
CRKP_vs_Con	P26572	MGAT1	16.03297168583138	15.08000801638245	0.9529636694489289	1.935845303906012	2.116278160993127e-07
CRKP_vs_Con	P31025	LCN1	13.46367354652225	12.56499559217066	0.8986779543515819	1.864356755321678	0.0104698121969711
CRKP_vs_Con	P78539	SRPX	13.70730722236547	11.70873965028682	1.998567572078652	3.996030437482271	4.249748284016756e-06
CRKP_vs_Con	P26022	PTX3	16.07438192623504	13.80470818571746	2.269673740517586	4.822140680390397	3.167954729369567e-05
CRKP_vs_Con	P25789	PSMA4	16.36853793194591	15.43574717890688	0.9327907530390274	1.908965133918183	0.002561671140631
CRKP_vs_Con	P25788	PSMA3	16.10648651556211	15.41807476830544	0.688411747256664	1.611508443318356	0.0094044591856473
CRKP_vs_Con	P25787	PSMA2	16.30622695623044	15.67267869848899	0.6335482577414506	1.551375859670809	0.0252979933975933
CRKP_vs_Con	P24821	TNC	17.54356476013355	15.92182314514629	1.621741614987261	3.077463220859341	3.419744453193941e-07
CRKP_vs_Con	P24592	IGFBP6	14.84844481858494	14.02962443117074	0.818820387414199	1.763963106919487	0.0208408048539148
CRKP_vs_Con	P98066	TNFAIP6	12.64454934026074	11.67905083175703	0.9654985085037052	1.952738153670063	0.0477872421893396
CRKP_vs_Con	P30530	AXL	14.86753309984686	13.96255050352255	0.9049825963243076	1.872521905922867	0.0019917753924196
CRKP_vs_Con	P31150	GDI1	12.07874883037786	10.9294590371368	1.14928979324106	2.218046780116586	0.031728995775581
CRKP_vs_Con	Q14203	DCTN1	11.54099182327551	10.60411169666194	0.9368801266135662	1.914383843820204	0.0355975955996286
CRKP_vs_Con	P49721	PSMB2	15.65267582941283	14.8122781936197	0.8403976357931278	1.790543583704903	0.0026624681917202
CRKP_vs_Con	P48723	HSPA13	13.14572077522716	11.88895705347133	1.256763721755831	2.389591020964194	0.003615447064683
CRKP_vs_Con	P48681	NES	10.72831311475081	9.764541486114105	0.9637716286367032	1.950402159773373	0.0197759759277591
CRKP_vs_Con	P48595	SERPINB10	11.45042841162815	10.25164643834861	1.198781973279541	2.295457901323865	0.024479149207405
CRKP_vs_Con	P54760	EPHB4	12.56176799056185	11.19046631475614	1.371301675805711	2.587038771861232	0.0032725796907575
CRKP_vs_Con	P45877	PPIC	13.53991723014037	12.82679393108322	0.7131232990571501	1.639349315283673	0.0455906950428263
CRKP_vs_Con	P55058	PLTP	19.33769963031261	18.25773329206826	1.079966338244351	2.113986755843482	9.218065638227974e-06
CRKP_vs_Con	P59190	RAB15	12.90649198532014	10.95931169893154	1.947180286388598	3.856201091030983	0.0345823931738274
CRKP_vs_Con	P36268	GGT2P	13.88377758612664	12.62123782418007	1.262539761946576	2.399177274610355	0.0230877847652088
CRKP_vs_Con	P61769	B2M	15.89617578543274	14.83922228180609	1.05695350362665	2.080533478803444	0.0280991562157357
CRKP_vs_Con	P60900	PSMA6	15.81680201706646	15.187401193981	0.6294008230854562	1.54692239572137	0.0298952210052932
CRKP_vs_Con	P61006	RAB8A	14.60109927252407	13.0472620732068	1.553837199317274	2.935969944332588	0.023052312459562
CRKP_vs_Con	P35555	FBN1	17.26389563275118	16.63809449174708	0.6258011410041036	1.543067466213834	0.0060381986719305
CRKP_vs_Con	P35442	THBS2	15.05901353338585	12.63458733250601	2.424426200879839	5.368154525182944	2.120137959580408e-05
CRKP_vs_Con	P34932	HSPA4	14.18226303248566	12.66644101344232	1.515822019043339	2.859617168575252	0.00083744819924
CRKP_vs_Con	P34096	RNASE4	16.07558095488691	15.46090413711573	0.6146768177711763	1.531214946846683	0.0036646989705633
CRKP_vs_Con	P61626	LYZ	19.20933843980625	17.92256926507184	1.286769174734403	2.439810629661083	0.0008263924068191
CRKP_vs_Con	P24387	CRHBP	13.02308609152261	12.39943229373934	0.6236537977832732	1.540772434590765	0.0140952519233785
CRKP_vs_Con	P98095	FBLN2	15.00109770594173	14.27939950906764	0.7216981968740921	1.649122074713212	0.0282047700208819
CRKP_vs_Con	P98160	HSPG2	16.5414575682362	15.85469120163493	0.6867663666012724	1.609671580165206	0.0070985245719657
CRKP_vs_Con	P14314	PRKCSH	17.59057898137279	16.99398197904926	0.5965970023235307	1.512145540532794	0.0148535026988384
CRKP_vs_Con	P18428	LBP	20.4926707621042	18.6789839965024	1.813686765601798	3.515394906889046	1.028064232328009e-07
CRKP_vs_Con	Q12805	EFEMP1	15.6676066721451	14.6408957240262	1.0267109481189	2.037374153228384	0.0009226546946119
CRKP_vs_Con	P15291	B4GALT1	19.63453205431652	18.4130126092974	1.221519445019126	2.331921857915269	1.215200712213913e-07
CRKP_vs_Con	Q12907	LMAN2	15.49802737606779	14.4929407194504	1.005086656617392	2.007064049286181	0.0006516764219384
CRKP_vs_Con	P14735	IDE	15.03592292428095	13.84316212315338	1.192760801127562	2.285897637523859	0.0170856247742579
CRKP_vs_Con	P14625	HSP90B1	18.860782018823	18.07309987179048	0.7876821470325197	1.726298739029164	3.332260462604006e-05
CRKP_vs_Con	P14598	NCF1	12.08517125274596	10.69106262507219	1.394108627673772	2.628261141681478	0.0103033412753061
CRKP_vs_Con	P13805	TNNT1	13.50689747251971	10.19636024411188	3.31053722840783	9.921355409740512	0.0018909656530965
CRKP_vs_Con	Q01469	FABP5	13.35069608425255	11.91183010695764	1.438865977294919	2.711076789753365	0.0220606812730548
CRKP_vs_Con	P13667	PDIA4	15.71886512613779	14.78033533440856	0.938529791729234	1.9165741185638	0.0002440979875195
CRKP_vs_Con	P13611	VCAN	17.28044050347538	16.08541714411448	1.195023359360903	2.289485391043075	1.510694990715663e-06
CRKP_vs_Con	P13497	BMP1	14.409833472113	13.63675071740035	0.773082754712652	1.708917504519591	0.0050273884946905
CRKP_vs_Con	P13489	RNH1	13.93337594391198	12.77930859522482	1.154067348687166	2.225404126290071	0.0023645782779722
CRKP_vs_Con	P12830	CDH1	18.97826133921692	18.29915319991174	0.6791081393051819	1.601149633314341	0.0074146465599503
CRKP_vs_Con	Q14165	MLEC	13.34077275530992	11.32967685867413	2.011095896635785	4.030882967473973	0.0143431971233866
CRKP_vs_Con	P18827	SDC1	18.94347578371952	17.71524111851934	1.228234665200176	2.342801405717907	0.0050463434711823
CRKP_vs_Con	P19022	CDH2	11.98112239764955	10.18011790561164	1.801004492037906	3.484627618439953	0.0140362999287822
CRKP_vs_Con	P19320	VCAM1	15.92479639226115	15.24894031886256	0.6758560733985952	1.59754445021082	0.001298893458655
CRKP_vs_Con	Q08174	PCDH1	12.72040731651857	10.75343587462941	1.966971441889156	3.909465677105785	0.0001820057851926
CRKP_vs_Con	P23381	WARS1	15.21849387699996	14.55058978292662	0.6679040940733465	1.588763180594536	0.0203929037077763
CRKP_vs_Con	Q01995	TAGLN	12.54867352021077	11.29980446295405	1.248869057256716	2.376550498438337	0.0151257811019878
CRKP_vs_Con	Q02487	DSC2	15.3891209711534	14.46149147041454	0.9276295007388616	1.902147998320085	0.0001517893974724
CRKP_vs_Con	P22897	MRC1	16.53632205125702	15.19150236760167	1.344819683655354	2.539984483331619	3.091580404788748e-08
CRKP_vs_Con	Q03167	TGFBR3	15.07889106547094	14.43569981960524	0.6431912458657028	1.561780003444002	0.0179830804897247
CRKP_vs_Con	Q03252	LMNB2	15.1542645699379	11.03468693479394	4.119577635143951	17.38266808796767	1.026508340984869e-06
CRKP_vs_Con	P22223	CDH3	14.05298366384386	12.38615508326771	1.666828580576157	3.175158432510818	0.0002806664620679
CRKP_vs_Con	Q04917	YWHAH	12.71494882142562	10.87419039349808	1.84075842792754	3.581982845024275	0.0297150071322557
CRKP_vs_Con	P21709	EPHA1	11.06224758148095	9.823123437352656	1.239124144128294	2.360551803775872	0.0064789416049994
CRKP_vs_Con	Q06323	PSME1	11.23282420553296	10.575630887634	0.6571933178989564	1.577011649978502	0.0274854691607522
CRKP_vs_Con	P20908	COL5A1	11.68419364230333	10.15956236606645	1.524631276236876	2.877131729187157	0.0068522023389197
CRKP_vs_Con	P20774	OGN	15.63472862456767	15.00260516153122	0.6321234630364465	1.549844488921151	0.0038708185220569
CRKP_vs_Con	Q06828	FMOD	11.77087867367484	10.0735440994768	1.697334574198042	3.243012476646368	0.0001340203066578
CRKP_vs_Con	P20618	PSMB1	16.10229508317339	15.47920606284231	0.623089020331081	1.540169380446573	0.0234286601186268
CRKP_vs_Con	Q8N2S1	LTBP4	14.41328342050315	12.50850664731256	1.904776773190592	3.744509560566381	0.0005474537042334
CRKP_vs_Con	P08238	HSP90AB1	14.83397710188851	14.18596679269576	0.6480103091927525	1.56700557134811	0.0366717777039456
CRKP_vs_Con	Q8N8K9	KIAA1958	15.44704516403035	12.94951827270714	2.497526891323213	5.647165416620368	0.008437783094711
CRKP_vs_Con	O14818	PSMA7	16.85233506722662	16.07011948614512	0.7822155810815055	1.719769937508747	0.0107480898241148
CRKP_vs_Con	Q99715	COL12A1	14.34278472436087	13.42546135924698	0.9173233651138872	1.888608102760344	0.0158445241610407
CRKP_vs_Con	Q99941	ATF6B	12.37449755612299	11.44007068376456	0.9344268723584293	1.911131264899809	0.011037557655832
CRKP_vs_Con	Q9BRK5	SDF4	14.59908851759375	13.47286092717467	1.126227590419083	2.182872083004117	0.0004004410286383
CRKP_vs_Con	P01701	IGLV1-51	18.64983980088133	17.71179806788578	0.9380417329955436	1.915925857838386	0.004602070621198
CRKP_vs_Con	Q9UBR2	CTSZ	16.92379478305695	14.63623576323803	2.287559019818924	4.882293480395074	0.0097974153402435
CRKP_vs_Con	P01699	IGLV1-44	11.56039653600165	10.58035134390729	0.9800451920943568	1.972527196985228	0.0279082376896631
CRKP_vs_Con	Q9UBQ0	VPS29	10.8666043063069	10.20733605136282	0.6592682549440791	1.579281397934878	0.0264889737089524
CRKP_vs_Con	Q9BUD6	SPON2	14.80710008141517	13.10972765709159	1.69737242432358	3.243097560490213	0.0001712735398179
CRKP_vs_Con	O14672	ADAM10	13.14243796864538	10.92629438844527	2.216143580200105	4.646497334380239	0.0003928632806481
CRKP_vs_Con	P01599	IGKV1-17	17.79071492231128	16.73272485023577	1.057990072075516	2.082028867810486	0.0002003990166933
CRKP_vs_Con	Q99542	MMP19	15.85695124591875	14.87910544475722	0.977845801161525	1.96952236708595	1.544539458109376e-06
CRKP_vs_Con	Q9UBX5	FBLN5	18.0154943641692	17.02616821036738	0.989326153801816	1.98525751094704	7.046864720134197e-05
CRKP_vs_Con	P01833	PIGR	17.71066111602375	16.59888258719017	1.111778528833575	2.161119020662241	0.0032898135396322
CRKP_vs_Con	A0A0C4DH35	IGHV3-35	14.65384243140887	13.38782581587773	1.266016615531148	2.40496619565314	0.0111504197692657
CRKP_vs_Con	P02679	FGG	20.09676254548147	18.4143141736848	1.682448371796675	3.209722052377386	0.0029497823524487
CRKP_vs_Con	P02675	FGB	20.19535363207138	18.27095267921066	1.924400952860725	3.795792038020267	0.0017737336757436
CRKP_vs_Con	A0A0C4DH25	IGKV3D-20	20.06312270460045	19.23904250232518	0.8240802022752725	1.77040594679717	0.0051186000609946
CRKP_vs_Con	Q9UL46	PSME2	12.87045746158694	10.65243449038969	2.218022971197257	4.652554245527263	0.0146887929444856
CRKP_vs_Con	P02671	FGA	19.2614719007534	17.92175750816837	1.339714392585034	2.531012079005895	0.0050129548619886
CRKP_vs_Con	Q9UKU9	ANGPTL2	11.64070632615526	10.24830884591748	1.392397480237779	2.625145669496934	0.0110600739139012
CRKP_vs_Con	Q9UK05	GDF2	12.9381708643699	11.15225900446835	1.785911859901544	3.448363499105707	0.0309115012099473
CRKP_vs_Con	P02545	LMNA	11.78716343468448	9.943196704637938	1.843966730046539	3.589957413798297	0.0049629087591542
CRKP_vs_Con	P02452	COL1A1	12.86599229777315	11.39694964149187	1.469042656281285	2.768381283846848	0.0007054185542889
CRKP_vs_Con	P02144	MB	12.49675496528853	10.35068832788398	2.146066637404557	4.426193851457233	0.0008213012596468
CRKP_vs_Con	A0A0J9YX35	IGHV3-64D	17.70521418791798	17.07277117615854	0.6324430117594488	1.550187808656033	0.0037603930983827
CRKP_vs_Con	A1L4H1	SSC5D	13.31442834908365	11.84545328384411	1.468975065239539	2.768251586726938	0.0043399081740521
CRKP_vs_Con	Q96RD9	FCRL5	13.01050305070561	12.2105393784239	0.7999636722817058	1.741057285424761	0.0028255224846975
CRKP_vs_Con	Q9BWD1	ACAT2	12.76590887496304	11.75408941748174	1.011819457481293	2.01645255000956	0.0031505593863527
CRKP_vs_Con	Q9NZN4	EHD2	11.48953403758887	10.22420868611679	1.265325351472088	2.403814137576253	0.0304647107933518
CRKP_vs_Con	Q9BXD5	NPL	11.44886189610802	10.25925688307525	1.18960501303277	2.28090287129744	0.0075469359931037
CRKP_vs_Con	O60927	PPP1R11	13.38893165959389	12.32806898017404	1.060862679419852	2.086178608092638	0.004490483582636
CRKP_vs_Con	Q9NR99	MXRA5	13.37138094303612	12.34005440803006	1.031326535006055	2.043902723520046	0.0015766815662589
CRKP_vs_Con	Q8NBJ4	GOLM1	18.13670732315671	16.59904798442427	1.537659338732443	2.903230943595027	0.0001327946465008
CRKP_vs_Con	Q9H4A4	RNPEP	13.23052276051626	12.20646615242263	1.024056608093629	2.033629140030906	0.013486093915452
CRKP_vs_Con	Q9NPY3	CD93	15.49722376698856	14.88809627153568	0.609127495452876	1.525336446031336	0.0149101001451846
CRKP_vs_Con	Q9NPR2	SEMA4B	15.02722793666616	14.44159112872012	0.5856368079460399	1.500701255096138	0.000165359251779
CRKP_vs_Con	P00480	OTC	11.30398379424862	9.865718743541343	1.438265050707273	2.709947778543115	0.0239480166357138
CRKP_vs_Con	P00451	F8	14.79131342315825	14.12649438465608	0.66481903850217	1.585369403184133	0.000817561838392
CRKP_vs_Con	O75787	ATP6AP2	11.99805744074632	11.03674091887496	0.9613165218713569	1.947085884786064	0.0277951331604187
CRKP_vs_Con	O75976	CPD	11.04596487768977	9.915883693354012	1.13008118433576	2.188710563694716	0.0116224997118864
CRKP_vs_Con	O75995	SASH3	12.62432617266668	10.62818650764922	1.996139665017456	3.98931118560036	0.0096339988179295
CRKP_vs_Con	P00167	CYB5A	11.76281464491848	10.02190703868737	1.740907606231113	3.342453769802775	0.0063269433011869
CRKP_vs_Con	O95967	EFEMP2	13.43089535088681	12.0885734444825	1.342321906404306	2.535590743555844	0.0478272892833918
CRKP_vs_Con	Q9HD89	RETN	11.46744982451427	9.43508229691972	2.032367527594554	4.090756112758637	0.0005337932360129
CRKP_vs_Con	Q9H173	SIL1	12.26535536131058	11.23282441955522	1.032530941755361	2.045609749606067	0.000453360790571
CRKP_vs_Con	O60664	PLIN3	12.86618296875755	10.89432862259742	1.971854346160136	3.922719959925913	0.0027564659202689
CRKP_vs_Con	Q9BXX0	EMILIN2	13.27105208199413	11.04417622602669	2.226875855967446	4.681191731614865	4.933430889225512e-05
CRKP_vs_Con	P01034	CST3	14.82905070859968	13.79702863103045	1.032022077569222	2.044888353916825	0.0061459728233634
CRKP_vs_Con	O15204	ADAMDEC1	13.25386011932328	11.1903373863462	2.063522732977089	4.180057340996923	0.0012820545293469
CRKP_vs_Con	O15240	VGF	11.870687895206	10.42963506724347	1.441052827962528	2.715189381531557	0.0488626406113359
CRKP_vs_Con	Q9NZL9	MAT2B	11.45240079430346	9.84840402716024	1.60399676714322	3.039842900976926	0.0001227427165478
CRKP_vs_Con	P01033	TIMP1	14.07199124597121	12.04195943585389	2.030031810117316	4.084138553387327	5.414810974366741e-05
CRKP_vs_Con	Q9BXR6	CFHR5	17.56843702263437	16.74706375476891	0.8213732678654573	1.767087241542315	0.0014788555586885
CRKP_vs_Con	Q9BYE9	CDHR2	17.77246519091386	15.67547072221801	2.096994468695849	4.278171948964583	0.0086616237606562
CRKP_vs_Con	Q9NYU2	UGGT1	11.8996573588941	11.07132247171434	0.8283348871797607	1.775634797893424	0.0333936334244907
CRKP_vs_Con	O43491	EPB41L2	11.79526385265368	10.33322570855019	1.462038144103492	2.754972931849001	0.0445826484522213
CRKP_vs_Con	O60279	SUSD5	15.64814927811996	14.86620811737315	0.781941160746813	1.719442844847714	0.0060062267831945
CRKP_vs_Con	P02741	CRP	23.51553826852595	21.44679951067483	2.068738757851129	4.195197578247454	5.177455294977568e-05
CRKP_vs_Con	A0A0J9YXX1	IGHV5-10-1	13.97324167006106	11.69628377760199	2.276957892459068	4.846549184766744	0.0309184340266649
CRKP_vs_Con	Q9Y6R7	FCGBP	16.28046090147902	15.54443647418328	0.7360244272957459	1.665579742637494	0.0404418422399262
CRKP_vs_Con	Q92743	HTRA1	15.20340502396318	14.29182346450704	0.9115815594561454	1.88110653809538	0.0004472774024678
CRKP_vs_Con	A0A075B6Q5	IGHV3-64	13.96264275510586	12.31271121906045	1.649931536045413	3.138187463493428	4.658546625711942e-05
CRKP_vs_Con	A0A0A0MT36	IGKV6D-21	16.27467769909425	15.2654515517756	1.00922614731865	2.012831140344791	0.0037401209307756
CRKP_vs_Con	Q92692	NECTIN2	10.84526658020023	9.625580307867551	1.219686272332673	2.328960663365826	0.0160192066721234
CRKP_vs_Con	P04066	FUCA1	15.48894002645628	14.87092198966834	0.6180180367879409	1.534765283744751	0.0286350855240202
CRKP_vs_Con	A0A075B6K4	IGLV3-10	17.85532195279887	16.88413582025187	0.9711861325469932	1.960451746461539	0.0083515722881962
CRKP_vs_Con	Q8WUJ3	CEMIP	13.80670905978783	12.69467255435267	1.112036505435158	2.161505497342516	0.0053268333686126
CRKP_vs_Con	P05060	CHGB	15.19632769756972	14.23134113790568	0.964986559664034	1.95204533595771	0.0213551453819916
CRKP_vs_Con	Q8WUA8	TSKU	15.49106746779292	13.42188644713899	2.069181020653927	4.19648382669362	0.0003861472457394
CRKP_vs_Con	Q92520	FAM3C	14.90236992214125	14.17636718658721	0.7260027355540437	1.654049873196286	0.0266077928325858
CRKP_vs_Con	P04275	VWF	19.08765619307193	17.94955469022115	1.138101502850777	2.200912061567136	0.0001101788025883
CRKP_vs_Con	Q9Y6Y9	LY96	11.41270097887233	10.20173167060973	1.210969308262605	2.314931185862117	0.0017842965049978
CRKP_vs_Con	Q9Y279	VSIG4	16.68099181837027	13.61118074614162	3.069811072228646	8.396633817884219	3.759540719060126e-07
CRKP_vs_Con	Q92673	SORL1	12.31706653599814	11.70037540491409	0.6166911310840515	1.533354346216431	0.0496940499549018
CRKP_vs_Con	Q9Y5Y6	ST14	10.96694024624946	9.859624216987855	1.107316029261604	2.154444642121569	0.0387893217872333
CRKP_vs_Con	Q8NBS9	TXNDC5	12.78870691724519	12.16291641778822	0.6257904994569685	1.543056084345769	0.022330758354806
CRKP_vs_Con	P02750	LRG1	21.98945840767412	21.33711070270739	0.6523477049667363	1.571723789969235	2.565178530503174e-05
CRKP_vs_Con	A0A075B6I7	IGLV5-48	13.12494489784307	11.30220702011631	1.822737877726759	3.537518953539832	0.0011373189069975
CRKP_vs_KP	Q15262	PTPRK	10.19226885071657	11.06953897225384	-0.8772701215372702	0.5443965685878149	0.0171051143139821
CRKP_vs_KP	P55056	APOC4	19.49497063238523	20.37184126223515	-0.8768706298499218	0.5445473364295743	0.0080019999525084
CRKP_vs_KP	A2NJV5	IGKV2-29	12.52563968773862	14.43118137783958	-1.905541690100966	0.2669161139436957	0.0150885830486964
CRKP_vs_KP	P0DP01	IGHV1-8	13.26247861923084	15.24780959182576	-1.985330972594923	0.2525549156647673	0.0085409068981083
CRKP_vs_KP	A0A0C4DH43	IGHV2-70D	10.47002010698032	13.57428854058285	-3.104268433602524	0.1162845688284723	9.87857902727518e-05
CRKP_vs_KP	Q9UKU6	TRHDE	10.41047030148397	11.12182083715441	-0.7113505356704408	0.6107481376150842	0.0123898002016373
CRKP_vs_KP	Q5SZK8	FREM2	9.340975611660648	10.02120247534088	-0.6802268636802271	0.6240671322277621	0.0118865096154128
CRKP_vs_KP	Q8IUK5	PLXDC1	11.61094514285559	12.70055294406158	-1.08960780120599	0.4698890972958476	0.0347997698634137
CRKP_vs_KP	P09110	ACAA1	10.72113786027744	11.62526042377354	-0.9041225634960934	0.5343575975723107	0.0449813924256171
CRKP_vs_KP	P02743	APCS	16.953656982978	17.7309653758243	-0.777308392846308	0.583454317431046	0.0113376503482426
CRKP_vs_KP	A0A0A0MT36	IGKV6D-21	16.27467769909425	16.92891007196192	-0.6542323728676678	0.6354134912498693	0.0288216057911206
CRKP_vs_KP	P17301	ITGA2	10.20630693850606	10.82956391978942	-0.623256981283351	0.6492036511116145	0.0444093634745198
CRKP_vs_KP	A0A0B4J1V2	IGHV2-26	13.46578856107782	15.01968748024882	-1.553898919171004	0.3405883707708751	0.0276098305443625
CRKP_vs_KP	P25311	AZGP1	16.93960652231594	18.36058014583749	-1.420973623521551	0.3734601921068243	0.000604103864808
CRKP_vs_KP	Q9H3R1	NDST4	10.72586501829864	13.06040715877787	-2.334542140479231	0.1982589444280733	0.0264252945518569
CRKP_vs_KP	P01601	IGKV1D-16	15.54365602555462	16.30298374732866	-0.7593277217740457	0.5907715588968574	0.0311630955875307
CRKP_vs_KP	P01602	IGKV1-5	17.13529112969956	18.25818577439991	-1.122894644700349	0.4591716117269457	0.0082833420863921
CRKP_vs_KP	Q13835	PKP1	10.88510207657715	10.04660211603708	0.838499960540064	1.788189907836981	0.0120578902399858
CRKP_vs_KP	Q9H4A4	RNPEP	13.23052276051626	12.13893266025957	1.091590100256692	2.131087899603653	0.0245230290626994
CRKP_vs_KP	P07711	CTSL	14.19142274577376	13.50397551049512	0.6874472352786416	1.610431431407378	0.0329753330978319
CRKP_vs_KP	Q15435	PPP1R7	13.84776741447122	12.99006279380382	0.8577046206673948	1.812152815933417	0.0351420622451896
CRKP_vs_KP	P07602	PSAP	12.6134006714255	11.41304678532853	1.200353886096966	2.297960319387965	0.0294529901991533
CRKP_vs_KP	P07585	DCN	14.31862764108621	13.42695006896044	0.8916775721257686	1.855332258449848	0.0103674139239395
CRKP_vs_KP	Q14165	MLEC	13.34077275530992	11.84519367376282	1.495579081547101	2.819773108343287	0.0480588842381769
CRKP_vs_KP	O75368	SH3BGRL	11.53852906088372	10.36716711201704	1.171361948866684	2.252242152550196	0.0459215276440438
CRKP_vs_KP	Q14203	DCTN1	11.54099182327551	10.06649465954106	1.474497163734453	2.778867725598801	0.0019876980510012
CRKP_vs_KP	O95497	VNN1	14.1170782725978	13.12831471762276	0.9887635549750442	1.984483483334006	0.0335398044058461
CRKP_vs_KP	Q14847	LASP1	14.7636285858143	12.27938168673554	2.484246899078762	5.595421834965704	0.0105039994685111
CRKP_vs_KP	Q9BY43	CHMP4A	11.56382070924545	10.24587575478403	1.317944954461419	2.493107263075824	0.0410821045001266
CRKP_vs_KP	Q15746	MYLK	13.1337474667489	11.41610544543318	1.717642021315719	3.288984071672572	0.0386176101165314
CRKP_vs_KP	Q92520	FAM3C	14.90236992214125	14.01391895568975	0.888450966451499	1.851187421146771	0.005088859703695
CRKP_vs_KP	Q9BUD6	SPON2	14.80710008141518	13.52245776214012	1.284642319275058	2.436216452566274	0.0287536835085064
CRKP_vs_KP	P04632	CAPNS1	14.36233046658685	13.54277979611011	0.819550670476735	1.764856239865689	0.0494787172742344
CRKP_vs_KP	Q86SF2	GALNT7	11.66416875721748	10.88230156658395	0.7818671906335286	1.719354687532492	0.0353343374614606
CRKP_vs_KP	Q8N8K9	KIAA1958	15.44704516403035	13.83375844684889	1.613286717181456	3.059480527961955	0.048189556778793
CRKP_vs_KP	P01033	TIMP1	14.0719912459712	12.3946227461014	1.677368499869802	3.198440177532282	0.0160998261264726
CRKP_vs_KP	Q8NBS9	TXNDC5	12.78870691724519	11.98004861112474	0.808658306120444	1.751581729118314	0.0169790652820038
CRKP_vs_KP	P02144	MB	12.49675496528853	10.77889466404176	1.71786030124677	3.289481733000444	0.0110509956793084
CRKP_vs_KP	Q03252	LMNB2	15.1542645699379	12.42257231189515	2.731692258042745	6.642343160257105	0.0019864582491251
CRKP_vs_KP	P0DJD8	PGA3	13.77972259680053	11.61932315935594	2.160399437444596	4.470386092014943	0.0120968702881713
CRKP_vs_KP	P16070	CD44	18.83316210626479	18.1587358825014	0.6744262237633905	1.595961914260022	0.0493128024557566
CRKP_vs_KP	P54578	USP14	11.34207066954747	10.31626091951216	1.025809750035307	2.036101878572269	0.0176072563209318
CRKP_vs_KP	P53396	ACLY	11.1615813815072	10.33039121399808	0.8311901675091242	1.779152488955804	0.0412175940328726
CRKP_vs_KP	P50990	CCT8	11.59523268269607	10.64929835834093	0.9459343243551396	1.926436089109705	0.031756338567177
CRKP_vs_KP	P22223	CDH3	14.05298366384386	13.09358107040237	0.9594025934414924	1.944504526902782	0.0341911110726546
CRKP_vs_KP	P22314	UBA1	12.49571758199118	11.08269840546558	1.413019176525596	2.66293862242949	0.0053323229080627
CRKP_vs_KP	P24592	IGFBP6	14.84844481858494	14.11370136607716	0.7347434525077752	1.664101523972633	0.0308850751311499
CRKP_vs_KP	P24666	ACP1	11.28302914944255	10.12856032553009	1.154468823912458	2.226023501087721	0.0133646379161694
CRKP_vs_KP	P26583	HMGB2	12.97846467698082	10.66932988480178	2.30913479217903	4.955857799358009	0.0222320169880421
CRKP_vs_KP	P27797	CALR	18.43760728260785	17.82052579180976	0.6170814907980855	1.53376929236417	0.0252589225269078
CRKP_vs_KP	P27824	CANX	16.68757746847459	15.81989205681546	0.8676854116591333	1.824733039675209	0.0103390441625403
CRKP_vs_KP	P28676	GCA	12.91449265828274	11.1355534990486	1.778939159234145	3.431737396788101	0.0258520744527076
CRKP_vs_KP	P29218	IMPA1	10.94471558839549	10.1287258826662	0.8159897057292866	1.760505465092057	0.035084749082159
CRKP_vs_KP	P30530	AXL	14.86753309984686	13.70053188698594	1.167001212860926	2.245444731871896	0.0090123834234433
CRKP_vs_KP	P59190	RAB15	12.90649198532013	10.28128297669633	2.625209008623806	6.169737069762081	0.0038566061709879
CRKP_vs_KP	P61006	RAB8A	14.60109927252407	13.1422345363953	1.458864736128772	2.748919646482826	0.0257815895038426
CRKP_vs_KP	P0DP23	CALM1	18.34519838664571	17.24144036181195	1.103758024833756	2.149137852614126	0.0173384043944069
CRKP_vs_KP	P61626	LYZ	19.20933843980625	18.33913162742145	0.8702068123847937	1.827924917313262	0.017961602942969
CRKP_vs_KP	O60814	H2BC12	15.66102324858031	14.12029591519514	1.540727333385169	2.909411442082738	0.0370249151914738
CRKP_vs_KP	P10321	HLA-C	12.89518630039149	11.36253897109275	1.532647329298737	2.893162443913021	0.0174926162034786
CRKP_vs_KP	P10645	CHGA	18.17119413112692	16.52872634151945	1.642467789607469	3.121994053949681	0.0039991642035478
CRKP_vs_KP	Q01469	FABP5	13.35069608425256	12.00869388977604	1.342002194476519	2.535028900086239	0.0183922657105812
CRKP_vs_KP	P11413	G6PD	12.81556033433352	11.78275218231457	1.032808152018953	2.046002846196324	0.0408124865473592
CRKP_vs_KP	P81605	DCD	14.28347980907409	12.65967955536321	1.623800253710874	3.081857709669472	0.0201331362704142
CRKP_vs_KP	P63316	TNNC1	13.20382160986918	10.75911732524001	2.44470428462917	5.444140442880573	0.0125421924628148
CRKP_vs_KP	P63208	SKP1	13.61363643257624	12.87417309304001	0.7394633395362273	1.669554674558415	0.0154991621228258
CRKP_vs_KP	P63098	PPP3R1	11.87671884567538	10.88039523835174	0.9963236073236406	1.994909925788224	0.0409310807022865
CRKP_vs_KP	P14598	NCF1	12.08517125274596	10.96525174755696	1.119919505189003	2.173348460232367	0.0488246179794758
CRKP_vs_KP	P14618	PKM	15.6827836329561	14.99839482233173	0.6843888106243696	1.60702103212887	0.0471078956018837
CRKP_vs_KP	P61769	B2M	15.89617578543274	14.5519027503527	1.344273035080041	2.539022245408717	0.0170034525035067
CRKP_vs_KP	P14735	IDE	15.03592292428095	13.03427939657816	2.001643527702786	4.004559422942673	0.0021775292127285
CRKP_vs_KP	O75015	FCGR3B	13.69284670278687	10.99910589486793	2.693740807918942	6.46988831359491	0.0051730065753093
CRKP_vs_KP	A0A075B6H7	IGKV3-7	22.22329849895938	21.5243096558738	0.6989888430855835	1.623366607789034	0.0018067290667798
CRKP_vs_KP	E9PAV3	NACA	13.06638941164416	11.48297255331685	1.583416858327306	2.996787648093832	0.017408134217985
CRKP_vs_KP	Q9UJ70	NAGK	11.33069671888608	10.33652692969791	0.9941697891881668	1.991933920900823	0.0216214928028969
CRKP_vs_KP	O14672	ADAM10	13.14243796864538	11.98235125102242	1.160086717622953	2.234708596141351	0.0394634602971022
CRKP_vs_KP	Q9Y2Y8	PRG3	12.25702264243283	10.87737239386685	1.379650248565975	2.602052820777101	0.0271817818638823
CRKP_vs_KP	Q9UBQ0	VPS29	10.8666043063069	10.1108785276338	0.7557257786731064	1.688480805106443	0.0247450701594909
CRKP_vs_KP	O15240	VGF	11.870687895206	10.31216474064171	1.558523154564282	2.945521644921387	0.0146924830299132
CRKP_vs_KP	A0A075B6I7	IGLV5-48	13.12494489784307	11.81385045153757	1.3110944463055	2.481297028696209	0.0223813989336319
CRKP_vs_KP	O60279	SUSD5	15.64814927811996	15.0160914244212	0.6320578536987611	1.549774008358425	0.0166658706170884
CRKP_vs_KP	Q9UKU9	ANGPTL2	11.64070632615526	10.46510127791375	1.175605048241504	2.258875955288483	0.0273793556094919
CRKP_vs_KP	A0A0C4DH25	IGKV3D-20	20.06312270460045	19.18007123050081	0.8830514740996449	1.844272036667691	0.021552818889882
CRKP_vs_KP	O15204	ADAMDEC1	13.25386011932328	11.39176034033743	1.862099778985851	3.635363884401625	0.0058075750274537
CRKP_vs_KP	A0A0B4J1V0	IGHV3-15	17.77789231331893	16.9457977543494	0.8320945589695334	1.780268147300353	0.0169158133879903
CRKP_vs_KP_vs_Con	A0A075B6K4	IGLV3-10					0.02531085967620755
CRKP_vs_KP_vs_Con	A0A0C4DH35	IGHV3-35					0.03184240070763648
CRKP_vs_KP_vs_Con	O14672	ADAM10					0.001520824867307667
CRKP_vs_KP_vs_Con	O60664	PLIN3					0.0179165755630711
CRKP_vs_KP_vs_Con	O75995	SASH3					0.008511161905383126
CRKP_vs_KP_vs_Con	P01833	PIGR					0.01269225536861753
CRKP_vs_KP_vs_Con	P02671	FGA					0.02094419582747918
CRKP_vs_KP_vs_Con	P02675	FGB					0.004666513802544604
CRKP_vs_KP_vs_Con	P02679	FGG					0.005051268182222261
CRKP_vs_KP_vs_Con	P02741	CRP					0.0003071679344977075
CRKP_vs_KP_vs_Con	P02750	LRG1					0.0007457207032494588
CRKP_vs_KP_vs_Con	P04275	VWF					0.001811808154999482
CRKP_vs_KP_vs_Con	P08571	CD14					0.004337806499789611
CRKP_vs_KP_vs_Con	P10451	SPP1					0.0004922034761843219
CRKP_vs_KP_vs_Con	P13489	RNH1					0.002625679763503313
CRKP_vs_KP_vs_Con	P13667	PDIA4					0.0006726080258952413
CRKP_vs_KP_vs_Con	P19320	VCAM1					0.003758376803668734
CRKP_vs_KP_vs_Con	P20774	OGN					0.004895590926508343
CRKP_vs_KP_vs_Con	P24821	TNC					2.696512526890035e-05
CRKP_vs_KP_vs_Con	P26022	PTX3					0.0006859967408759121
CRKP_vs_KP_vs_Con	P34096	RNASE4					0.008075365093584938
CRKP_vs_KP_vs_Con	P34932	HSPA4					0.0005611042365864211
CRKP_vs_KP_vs_Con	P36268	GGT2P					0.03096856538828175
CRKP_vs_KP_vs_Con	P48723	HSPA13					0.01641808216211181
CRKP_vs_KP_vs_Con	P55058	PLTP					0.000217348247882144
CRKP_vs_KP_vs_Con	P78509	RELN					0.0008616870903060416
CRKP_vs_KP_vs_Con	P78539	SRPX					0.0001587448184536069
CRKP_vs_KP_vs_Con	P98160	HSPG2					0.002608485466144831
CRKP_vs_KP_vs_Con	Q02487	DSC2					0.001160798274354982
CRKP_vs_KP_vs_Con	Q03167	TGFBR3					0.02809471178539464
CRKP_vs_KP_vs_Con	Q08174	PCDH1					0.003990396281663354
CRKP_vs_KP_vs_Con	Q12805	EFEMP1					0.00348419967996108
CRKP_vs_KP_vs_Con	Q12907	LMAN2					0.0008690447465441445
CRKP_vs_KP_vs_Con	Q4LDE5	SVEP1					0.0004460100457362346
CRKP_vs_KP_vs_Con	Q5JRA6	MIA3					0.03611791835091401
CRKP_vs_KP_vs_Con	Q7Z5N4	SDK1					0.004517453796207952
CRKP_vs_KP_vs_Con	Q8IYS5	OSCAR					0.0009476305055921615
CRKP_vs_KP_vs_Con	Q8N2S1	LTBP4					0.0001372216517577177
CRKP_vs_KP_vs_Con	Q8NBJ4	GOLM1					0.0006057264202250365
CRKP_vs_KP_vs_Con	Q8WUA8	TSKU					0.001319206792628061
CRKP_vs_KP_vs_Con	Q99542	MMP19					0.0001318665928372504
CRKP_vs_KP_vs_Con	Q9BXR6	CFHR5					0.00423837694409668
CRKP_vs_KP_vs_Con	Q9BXX0	EMILIN2					0.001147860995513192
CRKP_vs_KP_vs_Con	Q9H173	SIL1					0.01387747963748478
CRKP_vs_KP_vs_Con	Q9NPY3	CD93					0.03889991221577577
CRKP_vs_KP_vs_Con	Q9NR99	MXRA5					0.004334454901347308
CRKP_vs_KP_vs_Con	Q9NZL9	MAT2B					0.001399564443014907
CRKP_vs_KP_vs_Con	Q9NZN4	EHD2					0.04809440773280931
CRKP_vs_KP_vs_Con	Q9UBR2	CTSZ					0.003295593248631617
CRKP_vs_KP_vs_Con	Q9UBX5	FBLN5					0.003388584504208827
CRKP_vs_KP_vs_Con	Q9Y279	VSIG4					1.971738819890786e-05
