source name	characteristics[organism]	characteristics[organism part]	characteristics[cell type]	characteristics[disease]	characteristics[biological replicate]	material type	assay name	technology type	comment[technical replicate]	comment[data file]	comment[fraction identifier]	comment[label]	comment[cleavage agent details]	comment[instrument]	comment[proteomics data acquisition method]	comment[modification parameters]	comment[modification parameters]	comment[modification parameters]	comment[precursor mass tolerance]	comment[fragment mass tolerance]	comment[file uri]	factor value[disease]
Con1	Homo sapiens	blood serum	not applicable	culture-negative sepsis	1	body fluid	run 1	proteomic profiling by mass spectrometry	1	25062408_HJ_Con1_GD6_1_50906.d.zip	1	AC=MS:1002038;NT=label free sample	AC=MS:1001251;NT=Trypsin	NT=timsTOF Pro	NT=Data-Independent Acquisition;AC=NCIT:C161786	NT=Carbamidomethyl;MT=Fixed;TA=C;AC=Unimod:4	NT=Oxidation;MT=Variable;TA=M;AC=Unimod:35	NT=Acetyl;MT=Variable;PP=Protein N-term;AC=Unimod:1	15 ppm	15 ppm	proteomics/data/raw/25062408_HJ_Con1_GD6_1_50906.d.zip	culture-negative sepsis
Con2	Homo sapiens	blood serum	not applicable	culture-negative sepsis	2	body fluid	run 2	proteomic profiling by mass spectrometry	1	25062408_HJ_Con2_GD7_1_50908.d.zip	1	AC=MS:1002038;NT=label free sample	AC=MS:1001251;NT=Trypsin	NT=timsTOF Pro	NT=Data-Independent Acquisition;AC=NCIT:C161786	NT=Carbamidomethyl;MT=Fixed;TA=C;AC=Unimod:4	NT=Oxidation;MT=Variable;TA=M;AC=Unimod:35	NT=Acetyl;MT=Variable;PP=Protein N-term;AC=Unimod:1	15 ppm	15 ppm	proteomics/data/raw/25062408_HJ_Con2_GD7_1_50908.d.zip	culture-negative sepsis
Con3	Homo sapiens	blood serum	not applicable	culture-negative sepsis	3	body fluid	run 3	proteomic profiling by mass spectrometry	1	25062408_HJ_Con3_GD8_1_50910.d.zip	1	AC=MS:1002038;NT=label free sample	AC=MS:1001251;NT=Trypsin	NT=timsTOF Pro	NT=Data-Independent Acquisition;AC=NCIT:C161786	NT=Carbamidomethyl;MT=Fixed;TA=C;AC=Unimod:4	NT=Oxidation;MT=Variable;TA=M;AC=Unimod:35	NT=Acetyl;MT=Variable;PP=Protein N-term;AC=Unimod:1	15 ppm	15 ppm	proteomics/data/raw/25062408_HJ_Con3_GD8_1_50910.d.zip	culture-negative sepsis
Con4	Homo sapiens	blood serum	not applicable	culture-negative sepsis	4	body fluid	run 4	proteomic profiling by mass spectrometry	1	25062408_HJ_Con4_GD9_1_50912.d.zip	1	AC=MS:1002038;NT=label free sample	AC=MS:1001251;NT=Trypsin	NT=timsTOF Pro	NT=Data-Independent Acquisition;AC=NCIT:C161786	NT=Carbamidomethyl;MT=Fixed;TA=C;AC=Unimod:4	NT=Oxidation;MT=Variable;TA=M;AC=Unimod:35	NT=Acetyl;MT=Variable;PP=Protein N-term;AC=Unimod:1	15 ppm	15 ppm	proteomics/data/raw/25062408_HJ_Con4_GD9_1_50912.d.zip	culture-negative sepsis
Con5	Homo sapiens	blood serum	not applicable	culture-negative sepsis	5	body fluid	run 5	proteomic profiling by mass spectrometry	1	25062408_HJ_Con5_GD10_1_50914.d.zip	1	AC=MS:1002038;NT=label free sample	AC=MS:1001251;NT=Trypsin	NT=timsTOF Pro	NT=Data-Independent Acquisition;AC=NCIT:C161786	NT=Carbamidomethyl;MT=Fixed;TA=C;AC=Unimod:4	NT=Oxidation;MT=Variable;TA=M;AC=Unimod:35	NT=Acetyl;MT=Variable;PP=Protein N-term;AC=Unimod:1	15 ppm	15 ppm	proteomics/data/raw/25062408_HJ_Con5_GD10_1_50914.d.zip	culture-negative sepsis
Con6	Homo sapiens	blood serum	not applicable	culture-negative sepsis	6	body fluid	run 6	proteomic profiling by mass spectrometry	1	25062408_HJ_Con6_GD11_1_50916.d.zip	1	AC=MS:1002038;NT=label free sample	AC=MS:1001251;NT=Trypsin	NT=timsTOF Pro	NT=Data-Independent Acquisition;AC=NCIT:C161786	NT=Carbamidomethyl;MT=Fixed;TA=C;AC=Unimod:4	NT=Oxidation;MT=Variable;TA=M;AC=Unimod:35	NT=Acetyl;MT=Variable;PP=Protein N-term;AC=Unimod:1	15 ppm	15 ppm	proteomics/data/raw/25062408_HJ_Con6_GD11_1_50916.d.zip	culture-negative sepsis
Con7	Homo sapiens	blood serum	not applicable	culture-negative sepsis	7	body fluid	run 7	proteomic profiling by mass spectrometry	1	25062408_HJ_Con7_GD12_1_50918.d.zip	1	AC=MS:1002038;NT=label free sample	AC=MS:1001251;NT=Trypsin	NT=timsTOF Pro	NT=Data-Independent Acquisition;AC=NCIT:C161786	NT=Carbamidomethyl;MT=Fixed;TA=C;AC=Unimod:4	NT=Oxidation;MT=Variable;TA=M;AC=Unimod:35	NT=Acetyl;MT=Variable;PP=Protein N-term;AC=Unimod:1	15 ppm	15 ppm	proteomics/data/raw/25062408_HJ_Con7_GD12_1_50918.d.zip	culture-negative sepsis
Con8	Homo sapiens	blood serum	not applicable	culture-negative sepsis	8	body fluid	run 8	proteomic profiling by mass spectrometry	1	25062408_HJ_Con8_GE1_1_50920.d.zip	1	AC=MS:1002038;NT=label free sample	AC=MS:1001251;NT=Trypsin	NT=timsTOF Pro	NT=Data-Independent Acquisition;AC=NCIT:C161786	NT=Carbamidomethyl;MT=Fixed;TA=C;AC=Unimod:4	NT=Oxidation;MT=Variable;TA=M;AC=Unimod:35	NT=Acetyl;MT=Variable;PP=Protein N-term;AC=Unimod:1	15 ppm	15 ppm	proteomics/data/raw/25062408_HJ_Con8_GE1_1_50920.d.zip	culture-negative sepsis
Con9	Homo sapiens	blood serum	not applicable	culture-negative sepsis	9	body fluid	run 9	proteomic profiling by mass spectrometry	1	25062408_HJ_Con9_GE2_1_50922.d.zip	1	AC=MS:1002038;NT=label free sample	AC=MS:1001251;NT=Trypsin	NT=timsTOF Pro	NT=Data-Independent Acquisition;AC=NCIT:C161786	NT=Carbamidomethyl;MT=Fixed;TA=C;AC=Unimod:4	NT=Oxidation;MT=Variable;TA=M;AC=Unimod:35	NT=Acetyl;MT=Variable;PP=Protein N-term;AC=Unimod:1	15 ppm	15 ppm	proteomics/data/raw/25062408_HJ_Con9_GE2_1_50922.d.zip	culture-negative sepsis
Con10	Homo sapiens	blood serum	not applicable	culture-negative sepsis	10	body fluid	run 10	proteomic profiling by mass spectrometry	1	25062408_HJ_Con10_GE3_1_50924.d.zip	1	AC=MS:1002038;NT=label free sample	AC=MS:1001251;NT=Trypsin	NT=timsTOF Pro	NT=Data-Independent Acquisition;AC=NCIT:C161786	NT=Carbamidomethyl;MT=Fixed;TA=C;AC=Unimod:4	NT=Oxidation;MT=Variable;TA=M;AC=Unimod:35	NT=Acetyl;MT=Variable;PP=Protein N-term;AC=Unimod:1	15 ppm	15 ppm	proteomics/data/raw/25062408_HJ_Con10_GE3_1_50924.d.zip	culture-negative sepsis
Con11	Homo sapiens	blood serum	not applicable	culture-negative sepsis	11	body fluid	run 11	proteomic profiling by mass spectrometry	1	25062408_HJ_Con11_GE4_1_50926.d.zip	1	AC=MS:1002038;NT=label free sample	AC=MS:1001251;NT=Trypsin	NT=timsTOF Pro	NT=Data-Independent Acquisition;AC=NCIT:C161786	NT=Carbamidomethyl;MT=Fixed;TA=C;AC=Unimod:4	NT=Oxidation;MT=Variable;TA=M;AC=Unimod:35	NT=Acetyl;MT=Variable;PP=Protein N-term;AC=Unimod:1	15 ppm	15 ppm	proteomics/data/raw/25062408_HJ_Con11_GE4_1_50926.d.zip	culture-negative sepsis
Con12	Homo sapiens	blood serum	not applicable	culture-negative sepsis	12	body fluid	run 12	proteomic profiling by mass spectrometry	1	25062408_HJ_Con12_GE5_1_50928.d.zip	1	AC=MS:1002038;NT=label free sample	AC=MS:1001251;NT=Trypsin	NT=timsTOF Pro	NT=Data-Independent Acquisition;AC=NCIT:C161786	NT=Carbamidomethyl;MT=Fixed;TA=C;AC=Unimod:4	NT=Oxidation;MT=Variable;TA=M;AC=Unimod:35	NT=Acetyl;MT=Variable;PP=Protein N-term;AC=Unimod:1	15 ppm	15 ppm	proteomics/data/raw/25062408_HJ_Con12_GE5_1_50928.d.zip	culture-negative sepsis
Con13	Homo sapiens	blood serum	not applicable	culture-negative sepsis	13	body fluid	run 13	proteomic profiling by mass spectrometry	1	25062408_HJ_Con13_GE6_1_50930.d.zip	1	AC=MS:1002038;NT=label free sample	AC=MS:1001251;NT=Trypsin	NT=timsTOF Pro	NT=Data-Independent Acquisition;AC=NCIT:C161786	NT=Carbamidomethyl;MT=Fixed;TA=C;AC=Unimod:4	NT=Oxidation;MT=Variable;TA=M;AC=Unimod:35	NT=Acetyl;MT=Variable;PP=Protein N-term;AC=Unimod:1	15 ppm	15 ppm	proteomics/data/raw/25062408_HJ_Con13_GE6_1_50930.d.zip	culture-negative sepsis
Con14	Homo sapiens	blood serum	not applicable	culture-negative sepsis	14	body fluid	run 14	proteomic profiling by mass spectrometry	1	25062408_HJ_Con14_GE7_1_50932.d.zip	1	AC=MS:1002038;NT=label free sample	AC=MS:1001251;NT=Trypsin	NT=timsTOF Pro	NT=Data-Independent Acquisition;AC=NCIT:C161786	NT=Carbamidomethyl;MT=Fixed;TA=C;AC=Unimod:4	NT=Oxidation;MT=Variable;TA=M;AC=Unimod:35	NT=Acetyl;MT=Variable;PP=Protein N-term;AC=Unimod:1	15 ppm	15 ppm	proteomics/data/raw/25062408_HJ_Con14_GE7_1_50932.d.zip	culture-negative sepsis
Con15	Homo sapiens	blood serum	not applicable	culture-negative sepsis	15	body fluid	run 15	proteomic profiling by mass spectrometry	1	25062408_HJ_Con15_GE8_1_50934.d.zip	1	AC=MS:1002038;NT=label free sample	AC=MS:1001251;NT=Trypsin	NT=timsTOF Pro	NT=Data-Independent Acquisition;AC=NCIT:C161786	NT=Carbamidomethyl;MT=Fixed;TA=C;AC=Unimod:4	NT=Oxidation;MT=Variable;TA=M;AC=Unimod:35	NT=Acetyl;MT=Variable;PP=Protein N-term;AC=Unimod:1	15 ppm	15 ppm	proteomics/data/raw/25062408_HJ_Con15_GE8_1_50934.d.zip	culture-negative sepsis
KP1	Homo sapiens	blood serum	not applicable	carbapenem-susceptible Klebsiella pneumoniae sepsis	1	body fluid	run 16	proteomic profiling by mass spectrometry	1	25062408_HJ_KP1_GE9_1_50938.d.zip	1	AC=MS:1002038;NT=label free sample	AC=MS:1001251;NT=Trypsin	NT=timsTOF Pro	NT=Data-Independent Acquisition;AC=NCIT:C161786	NT=Carbamidomethyl;MT=Fixed;TA=C;AC=Unimod:4	NT=Oxidation;MT=Variable;TA=M;AC=Unimod:35	NT=Acetyl;MT=Variable;PP=Protein N-term;AC=Unimod:1	15 ppm	15 ppm	proteomics/data/raw/25062408_HJ_KP1_GE9_1_50938.d.zip	carbapenem-susceptible Klebsiella pneumoniae sepsis
KP2	Homo sapiens	blood serum	not applicable	carbapenem-susceptible Klebsiella pneumoniae sepsis	2	body fluid	run 17	proteomic profiling by mass spectrometry	1	25062408_HJ_KP2_GE10_1_50940.d.zip	1	AC=MS:1002038;NT=label free sample	AC=MS:1001251;NT=Trypsin	NT=timsTOF Pro	NT=Data-Independent Acquisition;AC=NCIT:C161786	NT=Carbamidomethyl;MT=Fixed;TA=C;AC=Unimod:4	NT=Oxidation;MT=Variable;TA=M;AC=Unimod:35	NT=Acetyl;MT=Variable;PP=Protein N-term;AC=Unimod:1	15 ppm	15 ppm	proteomics/data/raw/25062408_HJ_KP2_GE10_1_50940.d.zip	carbapenem-susceptible Klebsiella pneumoniae sepsis
KP3	Homo sapiens	blood serum	not applicable	carbapenem-susceptible Klebsiella pneumoniae sepsis	3	body fluid	run 18	proteomic profiling by mass spectrometry	1	25062408_HJ_KP3_GE11_1_50942.d.zip	1	AC=MS:1002038;NT=label free sample	AC=MS:1001251;NT=Trypsin	NT=timsTOF Pro	NT=Data-Independent Acquisition;AC=NCIT:C161786	NT=Carbamidomethyl;MT=Fixed;TA=C;AC=Unimod:4	NT=Oxidation;MT=Variable;TA=M;AC=Unimod:35	NT=Acetyl;MT=Variable;PP=Protein N-term;AC=Unimod:1	15 ppm	15 ppm	proteomics/data/raw/25062408_HJ_KP3_GE11_1_50942.d.zip	carbapenem-susceptible Klebsiella pneumoniae sepsis
KP4	Homo sapiens	blood serum	not applicable	carbapenem-susceptible Klebsiella pneumoniae sepsis	4	body fluid	run 19	proteomic profiling by mass spectrometry	1	25062408_HJ_KP4_GE12_1_50944.d.zip	1	AC=MS:1002038;NT=label free sample	AC=MS:1001251;NT=Trypsin	NT=timsTOF Pro	NT=Data-Independent Acquisition;AC=NCIT:C161786	NT=Carbamidomethyl;MT=Fixed;TA=C;AC=Unimod:4	NT=Oxidation;MT=Variable;TA=M;AC=Unimod:35	NT=Acetyl;MT=Variable;PP=Protein N-term;AC=Unimod:1	15 ppm	15 ppm	proteomics/data/raw/25062408_HJ_KP4_GE12_1_50944.d.zip	carbapenem-susceptible Klebsiella pneumoniae sepsis
KP5	Homo sapiens	blood serum	not applicable	carbapenem-susceptible Klebsiella pneumoniae sepsis	5	body fluid	run 20	proteomic profiling by mass spectrometry	1	25062408_HJ_KP5_GF1_1_50946.d.zip	1	AC=MS:1002038;NT=label free sample	AC=MS:1001251;NT=Trypsin	NT=timsTOF Pro	NT=Data-Independent Acquisition;AC=NCIT:C161786	NT=Carbamidomethyl;MT=Fixed;TA=C;AC=Unimod:4	NT=Oxidation;MT=Variable;TA=M;AC=Unimod:35	NT=Acetyl;MT=Variable;PP=Protein N-term;AC=Unimod:1	15 ppm	15 ppm	proteomics/data/raw/25062408_HJ_KP5_GF1_1_50946.d.zip	carbapenem-susceptible Klebsiella pneumoniae sepsis
KP6	Homo sapiens	blood serum	not applicable	carbapenem-susceptible Klebsiella pneumoniae sepsis	6	body fluid	run 21	proteomic profiling by mass spectrometry	1	25062408_HJ_KP6_GF2_1_50948.d.zip	1	AC=MS:1002038;NT=label free sample	AC=MS:1001251;NT=Trypsin	NT=timsTOF Pro	NT=Data-Independent Acquisition;AC=NCIT:C161786	NT=Carbamidomethyl;MT=Fixed;TA=C;AC=Unimod:4	NT=Oxidation;MT=Variable;TA=M;AC=Unimod:35	NT=Acetyl;MT=Variable;PP=Protein N-term;AC=Unimod:1	15 ppm	15 ppm	proteomics/data/raw/25062408_HJ_KP6_GF2_1_50948.d.zip	carbapenem-susceptible Klebsiella pneumoniae sepsis
KP7	Homo sapiens	blood serum	not applicable	carbapenem-susceptible Klebsiella pneumoniae sepsis	7	body fluid	run 22	proteomic profiling by mass spectrometry	1	25062408_HJ_KP7_GF3_1_50950.d.zip	1	AC=MS:1002038;NT=label free sample	AC=MS:1001251;NT=Trypsin	NT=timsTOF Pro	NT=Data-Independent Acquisition;AC=NCIT:C161786	NT=Carbamidomethyl;MT=Fixed;TA=C;AC=Unimod:4	NT=Oxidation;MT=Variable;TA=M;AC=Unimod:35	NT=Acetyl;MT=Variable;PP=Protein N-term;AC=Unimod:1	15 ppm	15 ppm	proteomics/data/raw/25062408_HJ_KP7_GF3_1_50950.d.zip	carbapenem-susceptible Klebsiella pneumoniae sepsis
KP8	Homo sapiens	blood serum	not applicable	carbapenem-susceptible Klebsiella pneumoniae sepsis	8	body fluid	run 23	proteomic profiling by mass spectrometry	1	25062408_HJ_KP8_GF4_1_50952.d.zip	1	AC=MS:1002038;NT=label free sample	AC=MS:1001251;NT=Trypsin	NT=timsTOF Pro	NT=Data-Independent Acquisition;AC=NCIT:C161786	NT=Carbamidomethyl;MT=Fixed;TA=C;AC=Unimod:4	NT=Oxidation;MT=Variable;TA=M;AC=Unimod:35	NT=Acetyl;MT=Variable;PP=Protein N-term;AC=Unimod:1	15 ppm	15 ppm	proteomics/data/raw/25062408_HJ_KP8_GF4_1_50952.d.zip	carbapenem-susceptible Klebsiella pneumoniae sepsis
KP9	Homo sapiens	blood serum	not applicable	carbapenem-susceptible Klebsiella pneumoniae sepsis	9	body fluid	run 24	proteomic profiling by mass spectrometry	1	25062408_HJ_KP9_GF5_1_50954.d.zip	1	AC=MS:1002038;NT=label free sample	AC=MS:1001251;NT=Trypsin	NT=timsTOF Pro	NT=Data-Independent Acquisition;AC=NCIT:C161786	NT=Carbamidomethyl;MT=Fixed;TA=C;AC=Unimod:4	NT=Oxidation;MT=Variable;TA=M;AC=Unimod:35	NT=Acetyl;MT=Variable;PP=Protein N-term;AC=Unimod:1	15 ppm	15 ppm	proteomics/data/raw/25062408_HJ_KP9_GF5_1_50954.d.zip	carbapenem-susceptible Klebsiella pneumoniae sepsis
KP10	Homo sapiens	blood serum	not applicable	carbapenem-susceptible Klebsiella pneumoniae sepsis	10	body fluid	run 25	proteomic profiling by mass spectrometry	1	25062408_HJ_KP10_GF6_1_50956.d.zip	1	AC=MS:1002038;NT=label free sample	AC=MS:1001251;NT=Trypsin	NT=timsTOF Pro	NT=Data-Independent Acquisition;AC=NCIT:C161786	NT=Carbamidomethyl;MT=Fixed;TA=C;AC=Unimod:4	NT=Oxidation;MT=Variable;TA=M;AC=Unimod:35	NT=Acetyl;MT=Variable;PP=Protein N-term;AC=Unimod:1	15 ppm	15 ppm	proteomics/data/raw/25062408_HJ_KP10_GF6_1_50956.d.zip	carbapenem-susceptible Klebsiella pneumoniae sepsis
KP11	Homo sapiens	blood serum	not applicable	carbapenem-susceptible Klebsiella pneumoniae sepsis	11	body fluid	run 26	proteomic profiling by mass spectrometry	1	25062408_HJ_KP11_GF7_1_50958.d.zip	1	AC=MS:1002038;NT=label free sample	AC=MS:1001251;NT=Trypsin	NT=timsTOF Pro	NT=Data-Independent Acquisition;AC=NCIT:C161786	NT=Carbamidomethyl;MT=Fixed;TA=C;AC=Unimod:4	NT=Oxidation;MT=Variable;TA=M;AC=Unimod:35	NT=Acetyl;MT=Variable;PP=Protein N-term;AC=Unimod:1	15 ppm	15 ppm	proteomics/data/raw/25062408_HJ_KP11_GF7_1_50958.d.zip	carbapenem-susceptible Klebsiella pneumoniae sepsis
KP12	Homo sapiens	blood serum	not applicable	carbapenem-susceptible Klebsiella pneumoniae sepsis	12	body fluid	run 27	proteomic profiling by mass spectrometry	1	25062408_HJ_KP12_GF8_1_50960.d.zip	1	AC=MS:1002038;NT=label free sample	AC=MS:1001251;NT=Trypsin	NT=timsTOF Pro	NT=Data-Independent Acquisition;AC=NCIT:C161786	NT=Carbamidomethyl;MT=Fixed;TA=C;AC=Unimod:4	NT=Oxidation;MT=Variable;TA=M;AC=Unimod:35	NT=Acetyl;MT=Variable;PP=Protein N-term;AC=Unimod:1	15 ppm	15 ppm	proteomics/data/raw/25062408_HJ_KP12_GF8_1_50960.d.zip	carbapenem-susceptible Klebsiella pneumoniae sepsis
KP13	Homo sapiens	blood serum	not applicable	carbapenem-susceptible Klebsiella pneumoniae sepsis	13	body fluid	run 28	proteomic profiling by mass spectrometry	1	25062408_HJ_KP13_GF9_1_50962.d.zip	1	AC=MS:1002038;NT=label free sample	AC=MS:1001251;NT=Trypsin	NT=timsTOF Pro	NT=Data-Independent Acquisition;AC=NCIT:C161786	NT=Carbamidomethyl;MT=Fixed;TA=C;AC=Unimod:4	NT=Oxidation;MT=Variable;TA=M;AC=Unimod:35	NT=Acetyl;MT=Variable;PP=Protein N-term;AC=Unimod:1	15 ppm	15 ppm	proteomics/data/raw/25062408_HJ_KP13_GF9_1_50962.d.zip	carbapenem-susceptible Klebsiella pneumoniae sepsis
KP14	Homo sapiens	blood serum	not applicable	carbapenem-susceptible Klebsiella pneumoniae sepsis	14	body fluid	run 29	proteomic profiling by mass spectrometry	1	25062408_HJ_KP14_GF10_1_50964.d.zip	1	AC=MS:1002038;NT=label free sample	AC=MS:1001251;NT=Trypsin	NT=timsTOF Pro	NT=Data-Independent Acquisition;AC=NCIT:C161786	NT=Carbamidomethyl;MT=Fixed;TA=C;AC=Unimod:4	NT=Oxidation;MT=Variable;TA=M;AC=Unimod:35	NT=Acetyl;MT=Variable;PP=Protein N-term;AC=Unimod:1	15 ppm	15 ppm	proteomics/data/raw/25062408_HJ_KP14_GF10_1_50964.d.zip	carbapenem-susceptible Klebsiella pneumoniae sepsis
KP15	Homo sapiens	blood serum	not applicable	carbapenem-susceptible Klebsiella pneumoniae sepsis	15	body fluid	run 30	proteomic profiling by mass spectrometry	1	25062408_HJ_KP15_GF11_1_50966.d.zip	1	AC=MS:1002038;NT=label free sample	AC=MS:1001251;NT=Trypsin	NT=timsTOF Pro	NT=Data-Independent Acquisition;AC=NCIT:C161786	NT=Carbamidomethyl;MT=Fixed;TA=C;AC=Unimod:4	NT=Oxidation;MT=Variable;TA=M;AC=Unimod:35	NT=Acetyl;MT=Variable;PP=Protein N-term;AC=Unimod:1	15 ppm	15 ppm	proteomics/data/raw/25062408_HJ_KP15_GF11_1_50966.d.zip	carbapenem-susceptible Klebsiella pneumoniae sepsis
CRKP1	Homo sapiens	blood serum	not applicable	carbapenem-resistant Klebsiella pneumoniae sepsis	1	body fluid	run 31	proteomic profiling by mass spectrometry	1	25062408_HJ_CRKP1_GF12_1_50970.d.zip	1	AC=MS:1002038;NT=label free sample	AC=MS:1001251;NT=Trypsin	NT=timsTOF Pro	NT=Data-Independent Acquisition;AC=NCIT:C161786	NT=Carbamidomethyl;MT=Fixed;TA=C;AC=Unimod:4	NT=Oxidation;MT=Variable;TA=M;AC=Unimod:35	NT=Acetyl;MT=Variable;PP=Protein N-term;AC=Unimod:1	15 ppm	15 ppm	proteomics/data/raw/25062408_HJ_CRKP1_GF12_1_50970.d.zip	carbapenem-resistant Klebsiella pneumoniae sepsis
CRKP2	Homo sapiens	blood serum	not applicable	carbapenem-resistant Klebsiella pneumoniae sepsis	2	body fluid	run 32	proteomic profiling by mass spectrometry	1	25062408_HJ_CRKP2_GG1_1_50972.d.zip	1	AC=MS:1002038;NT=label free sample	AC=MS:1001251;NT=Trypsin	NT=timsTOF Pro	NT=Data-Independent Acquisition;AC=NCIT:C161786	NT=Carbamidomethyl;MT=Fixed;TA=C;AC=Unimod:4	NT=Oxidation;MT=Variable;TA=M;AC=Unimod:35	NT=Acetyl;MT=Variable;PP=Protein N-term;AC=Unimod:1	15 ppm	15 ppm	proteomics/data/raw/25062408_HJ_CRKP2_GG1_1_50972.d.zip	carbapenem-resistant Klebsiella pneumoniae sepsis
CRKP3	Homo sapiens	blood serum	not applicable	carbapenem-resistant Klebsiella pneumoniae sepsis	3	body fluid	run 33	proteomic profiling by mass spectrometry	1	25062408_HJ_CRKP3_GG2_1_50974.d.zip	1	AC=MS:1002038;NT=label free sample	AC=MS:1001251;NT=Trypsin	NT=timsTOF Pro	NT=Data-Independent Acquisition;AC=NCIT:C161786	NT=Carbamidomethyl;MT=Fixed;TA=C;AC=Unimod:4	NT=Oxidation;MT=Variable;TA=M;AC=Unimod:35	NT=Acetyl;MT=Variable;PP=Protein N-term;AC=Unimod:1	15 ppm	15 ppm	proteomics/data/raw/25062408_HJ_CRKP3_GG2_1_50974.d.zip	carbapenem-resistant Klebsiella pneumoniae sepsis
CRKP4	Homo sapiens	blood serum	not applicable	carbapenem-resistant Klebsiella pneumoniae sepsis	4	body fluid	run 34	proteomic profiling by mass spectrometry	1	25062408_HJ_CRKP4_GG3_1_50976.d.zip	1	AC=MS:1002038;NT=label free sample	AC=MS:1001251;NT=Trypsin	NT=timsTOF Pro	NT=Data-Independent Acquisition;AC=NCIT:C161786	NT=Carbamidomethyl;MT=Fixed;TA=C;AC=Unimod:4	NT=Oxidation;MT=Variable;TA=M;AC=Unimod:35	NT=Acetyl;MT=Variable;PP=Protein N-term;AC=Unimod:1	15 ppm	15 ppm	proteomics/data/raw/25062408_HJ_CRKP4_GG3_1_50976.d.zip	carbapenem-resistant Klebsiella pneumoniae sepsis
CRKP5	Homo sapiens	blood serum	not applicable	carbapenem-resistant Klebsiella pneumoniae sepsis	5	body fluid	run 35	proteomic profiling by mass spectrometry	1	25062408_HJ_CRKP5_GG4_1_50978.d.zip	1	AC=MS:1002038;NT=label free sample	AC=MS:1001251;NT=Trypsin	NT=timsTOF Pro	NT=Data-Independent Acquisition;AC=NCIT:C161786	NT=Carbamidomethyl;MT=Fixed;TA=C;AC=Unimod:4	NT=Oxidation;MT=Variable;TA=M;AC=Unimod:35	NT=Acetyl;MT=Variable;PP=Protein N-term;AC=Unimod:1	15 ppm	15 ppm	proteomics/data/raw/25062408_HJ_CRKP5_GG4_1_50978.d.zip	carbapenem-resistant Klebsiella pneumoniae sepsis
CRKP6	Homo sapiens	blood serum	not applicable	carbapenem-resistant Klebsiella pneumoniae sepsis	6	body fluid	run 36	proteomic profiling by mass spectrometry	1	25062408_HJ_CRKP6_GG5_1_50980.d.zip	1	AC=MS:1002038;NT=label free sample	AC=MS:1001251;NT=Trypsin	NT=timsTOF Pro	NT=Data-Independent Acquisition;AC=NCIT:C161786	NT=Carbamidomethyl;MT=Fixed;TA=C;AC=Unimod:4	NT=Oxidation;MT=Variable;TA=M;AC=Unimod:35	NT=Acetyl;MT=Variable;PP=Protein N-term;AC=Unimod:1	15 ppm	15 ppm	proteomics/data/raw/25062408_HJ_CRKP6_GG5_1_50980.d.zip	carbapenem-resistant Klebsiella pneumoniae sepsis
CRKP7	Homo sapiens	blood serum	not applicable	carbapenem-resistant Klebsiella pneumoniae sepsis	7	body fluid	run 37	proteomic profiling by mass spectrometry	1	25062408_HJ_CRKP7_GG6_1_50982.d.zip	1	AC=MS:1002038;NT=label free sample	AC=MS:1001251;NT=Trypsin	NT=timsTOF Pro	NT=Data-Independent Acquisition;AC=NCIT:C161786	NT=Carbamidomethyl;MT=Fixed;TA=C;AC=Unimod:4	NT=Oxidation;MT=Variable;TA=M;AC=Unimod:35	NT=Acetyl;MT=Variable;PP=Protein N-term;AC=Unimod:1	15 ppm	15 ppm	proteomics/data/raw/25062408_HJ_CRKP7_GG6_1_50982.d.zip	carbapenem-resistant Klebsiella pneumoniae sepsis
CRKP8	Homo sapiens	blood serum	not applicable	carbapenem-resistant Klebsiella pneumoniae sepsis	8	body fluid	run 38	proteomic profiling by mass spectrometry	1	25062408_HJ_CRKP8_GG7_1_50984.d.zip	1	AC=MS:1002038;NT=label free sample	AC=MS:1001251;NT=Trypsin	NT=timsTOF Pro	NT=Data-Independent Acquisition;AC=NCIT:C161786	NT=Carbamidomethyl;MT=Fixed;TA=C;AC=Unimod:4	NT=Oxidation;MT=Variable;TA=M;AC=Unimod:35	NT=Acetyl;MT=Variable;PP=Protein N-term;AC=Unimod:1	15 ppm	15 ppm	proteomics/data/raw/25062408_HJ_CRKP8_GG7_1_50984.d.zip	carbapenem-resistant Klebsiella pneumoniae sepsis
CRKP9	Homo sapiens	blood serum	not applicable	carbapenem-resistant Klebsiella pneumoniae sepsis	9	body fluid	run 39	proteomic profiling by mass spectrometry	1	25062408_HJ_CRKP9_GG8_1_50986.d.zip	1	AC=MS:1002038;NT=label free sample	AC=MS:1001251;NT=Trypsin	NT=timsTOF Pro	NT=Data-Independent Acquisition;AC=NCIT:C161786	NT=Carbamidomethyl;MT=Fixed;TA=C;AC=Unimod:4	NT=Oxidation;MT=Variable;TA=M;AC=Unimod:35	NT=Acetyl;MT=Variable;PP=Protein N-term;AC=Unimod:1	15 ppm	15 ppm	proteomics/data/raw/25062408_HJ_CRKP9_GG8_1_50986.d.zip	carbapenem-resistant Klebsiella pneumoniae sepsis
CRKP10	Homo sapiens	blood serum	not applicable	carbapenem-resistant Klebsiella pneumoniae sepsis	10	body fluid	run 40	proteomic profiling by mass spectrometry	1	25062408_HJ_CRKP10_GG9_1_50988.d.zip	1	AC=MS:1002038;NT=label free sample	AC=MS:1001251;NT=Trypsin	NT=timsTOF Pro	NT=Data-Independent Acquisition;AC=NCIT:C161786	NT=Carbamidomethyl;MT=Fixed;TA=C;AC=Unimod:4	NT=Oxidation;MT=Variable;TA=M;AC=Unimod:35	NT=Acetyl;MT=Variable;PP=Protein N-term;AC=Unimod:1	15 ppm	15 ppm	proteomics/data/raw/25062408_HJ_CRKP10_GG9_1_50988.d.zip	carbapenem-resistant Klebsiella pneumoniae sepsis
CRKP11	Homo sapiens	blood serum	not applicable	carbapenem-resistant Klebsiella pneumoniae sepsis	11	body fluid	run 41	proteomic profiling by mass spectrometry	1	25062408_HJ_CRKP11_GG10_1_50990.d.zip	1	AC=MS:1002038;NT=label free sample	AC=MS:1001251;NT=Trypsin	NT=timsTOF Pro	NT=Data-Independent Acquisition;AC=NCIT:C161786	NT=Carbamidomethyl;MT=Fixed;TA=C;AC=Unimod:4	NT=Oxidation;MT=Variable;TA=M;AC=Unimod:35	NT=Acetyl;MT=Variable;PP=Protein N-term;AC=Unimod:1	15 ppm	15 ppm	proteomics/data/raw/25062408_HJ_CRKP11_GG10_1_50990.d.zip	carbapenem-resistant Klebsiella pneumoniae sepsis
CRKP12	Homo sapiens	blood serum	not applicable	carbapenem-resistant Klebsiella pneumoniae sepsis	12	body fluid	run 42	proteomic profiling by mass spectrometry	1	25062408_HJ_CRKP12_GG11_1_50992.d.zip	1	AC=MS:1002038;NT=label free sample	AC=MS:1001251;NT=Trypsin	NT=timsTOF Pro	NT=Data-Independent Acquisition;AC=NCIT:C161786	NT=Carbamidomethyl;MT=Fixed;TA=C;AC=Unimod:4	NT=Oxidation;MT=Variable;TA=M;AC=Unimod:35	NT=Acetyl;MT=Variable;PP=Protein N-term;AC=Unimod:1	15 ppm	15 ppm	proteomics/data/raw/25062408_HJ_CRKP12_GG11_1_50992.d.zip	carbapenem-resistant Klebsiella pneumoniae sepsis
CRKP13	Homo sapiens	blood serum	not applicable	carbapenem-resistant Klebsiella pneumoniae sepsis	13	body fluid	run 43	proteomic profiling by mass spectrometry	1	25062408_HJ_CRKP13_GG12_1_50994.d.zip	1	AC=MS:1002038;NT=label free sample	AC=MS:1001251;NT=Trypsin	NT=timsTOF Pro	NT=Data-Independent Acquisition;AC=NCIT:C161786	NT=Carbamidomethyl;MT=Fixed;TA=C;AC=Unimod:4	NT=Oxidation;MT=Variable;TA=M;AC=Unimod:35	NT=Acetyl;MT=Variable;PP=Protein N-term;AC=Unimod:1	15 ppm	15 ppm	proteomics/data/raw/25062408_HJ_CRKP13_GG12_1_50994.d.zip	carbapenem-resistant Klebsiella pneumoniae sepsis
CRKP14	Homo sapiens	blood serum	not applicable	carbapenem-resistant Klebsiella pneumoniae sepsis	14	body fluid	run 44	proteomic profiling by mass spectrometry	1	25062408_HJ_CRKP14_GH1_1_50996.d.zip	1	AC=MS:1002038;NT=label free sample	AC=MS:1001251;NT=Trypsin	NT=timsTOF Pro	NT=Data-Independent Acquisition;AC=NCIT:C161786	NT=Carbamidomethyl;MT=Fixed;TA=C;AC=Unimod:4	NT=Oxidation;MT=Variable;TA=M;AC=Unimod:35	NT=Acetyl;MT=Variable;PP=Protein N-term;AC=Unimod:1	15 ppm	15 ppm	proteomics/data/raw/25062408_HJ_CRKP14_GH1_1_50996.d.zip	carbapenem-resistant Klebsiella pneumoniae sepsis
CRKP15	Homo sapiens	blood serum	not applicable	carbapenem-resistant Klebsiella pneumoniae sepsis	15	body fluid	run 45	proteomic profiling by mass spectrometry	1	25062408_HJ_CRKP15_GH2_1_50998.d.zip	1	AC=MS:1002038;NT=label free sample	AC=MS:1001251;NT=Trypsin	NT=timsTOF Pro	NT=Data-Independent Acquisition;AC=NCIT:C161786	NT=Carbamidomethyl;MT=Fixed;TA=C;AC=Unimod:4	NT=Oxidation;MT=Variable;TA=M;AC=Unimod:35	NT=Acetyl;MT=Variable;PP=Protein N-term;AC=Unimod:1	15 ppm	15 ppm	proteomics/data/raw/25062408_HJ_CRKP15_GH2_1_50998.d.zip	carbapenem-resistant Klebsiella pneumoniae sepsis
